x,y,z
-9.654196455864575,264.01005289453207,0.1739497127676329
8.184194343436097,-197.70713965721475,0.23412114246637883
14.392275624312791,-238.6406930819907,0.17922088755856586
3.063318789591401,-313.3055836405872,0.20514403985972504
30.915923203765576,147.80911344753352,0.21139540208546487
-17.843191418550425,-44.93681357377932,0.21431944200709938
-25.622298495259592,-25.984512552610706,0.1692141925187275
0.3580640576052449,-169.22442568189908,0.17259064455915774
17.559516490820336,-199.1320491892652,0.23176154782447517
-14.672237105193293,-29.399156161945193,0.15027392184801688
-10.492204197743874,-214.10634521067894,0.26200800843741273
1.4350738708638824,44.220617085753744,0.11299342241207211
-9.561329735337951,328.35283359531894,0.18682410261300275
-13.65216981899555,159.59662845906934,0.23825767434551345
-50.683385355989685,-63.16715713143708,0.22701368834910404
12.251555878849473,54.834394031835174,0.21326668173024976
23.28533205574464,46.936727473019154,0.21543989197858343
20.520957711869087,297.2773215150648,0.16315910734513359
6.103394133899386,-11.759299857589754,0.12544383743483534
-9.435118348919456,95.43519275769609,0.2995655769746459
25.25816562225454,-178.99077861331094,0.19858466310067244
-8.086700574395985,152.8019748740299,0.23711594856177254
-33.193267631119326,208.4072880582327,0.24667816880146282
12.306435888072373,77.9390706221379,0.17902021502189497
-31.960497667484834,198.44515789505232,0.14475208121751587
28.694214165584672,205.60230396883773,0.2571092796503142
10.850803049518888,17.945302572151693,0.13283626293350073
-31.247605100609903,124.96289335416859,0.23323377022950997
31.496296231361598,360.73318485133143,0.18151820869151986
-13.914126853388309,336.2014062168659,0.2922306155292361
5.222229613034047,125.51889752212581,0.2579240656372414
7.7258714134214355,-141.90520788865766,0.16501736330582528
19.0505939910186,149.0700485614691,0.2351602501614794
21.994744405082564,121.09313168265979,0.11994450378253656
18.084408654384937,60.23524800566206,0.21938616607166858
-23.800683993075502,-18.781292179611942,0.23684840783016456
7.731666363096505,174.5931537044066,0.212884108991302
-15.09934512673848,-124.77393037542394,0.1681240203604789
24.015973105223512,-214.62042954100133,0.26198213324604575
23.274402170602023,106.75219940173169,0.15435490838494198
14.6665338939322,-364.3554881708587,0.23183294366718155
51.85056191559478,-416.07461124320986,0.18934361247189974
-20.70884425675945,-26.955068430683415,0.14733206939150212
-16.02767004239377,-41.6048717387268,0.17554724534382682
-2.331260544613251,353.4473756599713,0.18048736589138165
-44.4000960048879,163.39761703990501,0.13333962351661183
3.0819157703876647,316.34495667109746,0.15179507491838617
-28.46429186047537,66.08538379894858,0.24452397837191805
13.134605340641405,113.70705712589198,0.14843448717218524
-5.494193280324989,77.67792460493754,0.1563725505809087
27.19656731477459,219.25815345212197,0.20807452014128971
-1.00487526411086,-30.587999007511495,0.23172713332784678
0.4702422234295667,-259.14231144118685,0.2554362414366529
-19.468027737030994,161.02445061544404,0.1750358853282466
-36.399322066429995,-195.0105807604974,0.23983818540632296
-43.69412896897363,-231.63578515420826,0.2058880871917043
29.46591761105864,398.6140117380431,0.1303996782593803
14.741680331442865,150.86592402788432,0.2690488547472071
-19.113259248662622,153.66621653935712,0.16339492442439624
38.90723649123287,80.6943863872677,0.2593838336253279
7.488397811274363,408.00383673762326,0.25080604134366014
23.71434203387972,24.486283636137664,0.1728387958419645
-2.0006853021409055,202.2709847412079,0.09965384713710651
-10.114404304245891,-103.4645089337836,0.18745714601487856
-5.403125989188732,-238.36823143817782,0.18851935055947996
-34.591369601700066,-186.7337463897047,0.20099201173748135
-9.956556663462058,191.80203996625457,0.20059247861632387
-10.355818244470136,-28.85135459709601,0.2156800113896612
7.4941768254119765,21.89561630804149,0.2114057584311999
-6.335179456861106,-37.10785760268664,0.2050929901632407
-26.55241473815974,0.8953676040646714,0.2939602988370222
-14.848529763411264,-179.8203718756035,0.2202833297836021
-7.2683931830403505,104.34392690214771,0.16866371684354312
-15.838538756216785,339.0556458245271,0.1404622557234994
-18.55858907044083,95.09258146873081,0.18509942876509317
-12.915993396986806,-170.68542276832207,0.1252537196433967
13.476990730760825,-392.56393500521443,0.2039526470724349
-2.3007057468445926,-117.06160178371894,0.12383534525581939
0.6244103170172566,21.959089627179353,0.2147185112968899
10.653946033215691,-207.3715612341514,0.17132616891425725
34.404737487846084,-154.312001665515,0.17862345072982888
-11.681664991462002,224.76299235045497,0.17289163564239643
3.466902859460169,4.133431159506832,0.21944905897097103
-25.86193906869623,134.40447008002175,0.22201826756096193
-19.9956727370959,51.610931587563144,0.2371064652229351
5.846399723214945,150.85880344046018,0.22314314007838393
-4.120593515423312,-252.0291923105427,0.14979028304801925
3.0110021040358266,18.669993252615484,0.22713446705838958
14.102822628980725,245.95930747064835,0.18198746992223488
-14.687007952156193,209.19544494845658,0.162591108859232
2.5826901634341377,164.6259893280403,0.18631330369815288
8.876269871769956,-215.32315776435692,0.21959399717713715
19.961906559818903,-63.85514457079206,0.2148417832647804
-9.19929119121084,53.48724573462281,0.2502439198985526
18.53971046201305,124.97716087997468,0.18963828714195083
12.364796195969905,-86.83888121182329,0.14201075136026586
18.22690422054668,269.6561961110575,0.24211860534317398
3.572978418455797,25.253035585644923,0.1768021740610876
14.744149730470863,-91.958522900091,0.14870977957228032
7.741059636558242,-8.724325836250395,0.17274202758949808
7.218648197118853,139.41514128549784,0.21922349007963232
3.1611088151651274,-388.48876818907723,0.19104532028371793
-8.892255278003656,91.65197550289052,0.2059963968661265
5.278902859369846,102.36723049646999,0.1387157724874234
39.51400576894132,-252.0247590389608,0.21660561095587946
-34.771276138272576,82.40835116278946,0.226061330495006
-13.738552841512197,-63.983197751173606,0.1902158352618382
40.834601349196674,-400.8322531992304,0.14155324049946524
48.31484144987306,334.530216637493,0.2399082406003266
-18.516315717718562,-160.15713774351326,0.1674371806281782
-12.65180713647474,40.64063084122596,0.2997718127669982
1.3319755230925572,217.13033399777478,0.2330218598990215
9.060213480135529,-0.6968659215966841,0.170540700299255
-13.172299579812119,-127.17988250409611,0.23454454576894523
11.20608922982212,-130.85525121308444,0.24150160351094918
14.29121080365729,144.79619235728447,0.20917656223326198
7.0640002164235565,101.84268596493575,0.2150459635092547
-21.185679492213907,186.28364230310046,0.22388189473747389
3.8030935232721657,-117.4979002791807,0.2016703368484877
-11.222880412391609,-247.2869701187899,0.1725014850683747
-28.87348847598644,46.04188350323932,0.16204891549398145
-7.333459652881281,-165.66537760335353,0.11371326254641695
0.32667888164835035,129.18343190264082,0.25329774113700304
-12.550823764505976,-59.76224178280345,0.1476661838078896
1.878779437038889,-415.4888919805713,0.14170910383221072
-2.9936308455807534,266.3127635952302,0.25648856408511067
-28.214794183754286,92.50459323749254,0.19715646772856532
-17.4763125779201,-316.48806599354185,0.24253755495913193
-26.292956058019882,-131.88791538587003,0.13977029770792074
-2.2909703455907566,207.77918841267686,0.11247547555500104
43.802151276688804,163.89852241617513,0.1575087961454212
-3.8928757475448728,-406.11196200459506,0.23982477317148518
20.11418459155188,121.0783994540032,0.18692851719736883
-5.2515019071077065,27.130036233828154,0.19196422777304703
-9.630938135227519,18.959766706695603,0.21121000160993725
-16.0154379398897,-231.38380561282523,0.21322948099354505
-13.162803852981318,231.47627184461746,0.23569672279620169
3.270885232490027,46.45627735148268,0.22334659579915014
13.618129524371598,93.62995419013554,0.2440620568746081
-7.522677200439602,218.16898565338246,0.11392827247892917
-4.734777203142796,-248.68015517163707,0.21896082008190576
39.09457046317987,41.292690481195976,0.203163752178492
25.47601125754472,-110.44595495491407,0.1474635804437735
30.864463942974826,324.234452177027,0.14073519726773315
-27.940690266609735,-205.29014961788468,0.13832038882926495
-0.8773753546698188,-43.83032983058265,0.18384568938293913
-48.619871501881384,82.46533602284488,0.24568007117781498
-14.48076765678119,-295.161245680382,0.13079796153747317
-8.977536418611434,294.0679992251523,0.1816700987678114
-18.92296677085827,-1.105123005083238,0.11765197090088175
7.768121045524444,-2.55674080185045,0.09493178152835109
-1.2156744091847789,-401.3800430192332,0.18766935539235244
33.090009015006274,-121.60303926147375,0.10123089440447855
14.96296376334464,227.34649391199375,0.20992679867359296
33.36977762079386,12.781738173054165,0.27177834590678224
-28.768592730754534,-64.92687876625511,0.2533878437330645
28.83223816489806,-29.75505201828032,0.19097477753182887
11.93072777368219,62.93130194460308,0.21036343644263988
-0.7912130270424469,42.01631197932885,0.15364340258256873
2.012333691429113,190.25852700167957,0.3103085508632676
13.081088881728718,-271.06166697730526,0.19379999747307777
47.8424610412216,-632.5474870064706,0.25986336399356647
-20.12087080686449,79.4123650513758,0.16234017971205042
-20.33443208968231,-5.3972160697885485,0.08349714008303838
-1.9399111977201247,103.30274284782513,0.19670850688498367
4.708691714978191,248.1109245280405,0.2612826898042263
-3.68490267307933,-304.7635507354201,0.24336477886808622
-23.808361644141065,276.7943157687103,0.180706357862349
-13.451502973054408,58.78524223938149,0.18857952027577293
21.281176819470623,317.7175632074968,0.11478550761527972
-22.942684622792193,338.0753806817515,0.25076243081737454
-2.468812930429391,16.252288242080567,0.2592408966556471
6.29953737987144,231.7698591431997,0.16495921062810157
-15.632783454377485,628.5943913800911,0.17529654275634599
-20.585919553876614,358.95480768508634,0.1961158742474248
7.511654800153499,-14.282792175147579,0.13778500803824362
12.139056151619492,336.27802503650247,0.20359394295282723
7.625511622994105,2.211282112921036,0.13320057479258285
8.219091903128275,204.85610476726762,0.12001708003683478
15.07671135148133,103.18329191575717,0.21645408772159144
6.9410159362652655,115.00839578904962,0.12296076489382958
-11.822579941822438,148.02516380771135,0.2335751294998846
1.9612484944054613,-217.1469171316706,0.20491776825089653
0.5456519786715319,-45.30663955997903,0.16852169510303452
-1.3505967853218799,26.95925633231268,0.19503415509774838
-36.64676458567086,367.51923907103895,0.2036369191465437
-12.240761590706859,135.30699927916382,0.21484257090009526
8.753860635536736,-142.58664856499414,0.19143642418501003
18.17740355894178,483.83153167753613,0.14452751370846462
-12.2391664571515,-24.299819420963953,0.14674976452006516
16.834982406111866,67.6651945875545,0.18961562284180036
5.4018841212477575,81.26287958868208,0.20164725852854548
10.37998356436919,-247.19290870635803,0.17473129525312667
-12.701669769727893,113.42326711927144,0.23170485939339586
-10.57536275044389,-31.887036542402125,0.21758309764922962
5.389148330945921,-134.01341036609986,0.24732071166155148
-22.667500052357738,86.0930105524203,0.19070339342886497
-42.56893161147191,-78.19563078156372,0.14912569379903445
2.8017601974351507,-212.29094131573015,0.2731174471223762
8.681731573553959,-223.51360825948402,0.1887692762194089
-16.93047202387972,51.28505242083195,0.11969181011962855
14.651613416186702,-115.19962451867825,0.13286774032125914
1.828048699651368,89.47181556890311,0.15923665689093958
30.08926961058802,520.1543292673973,0.17348319963927156
10.500558562415891,-90.59989342864198,0.17039253263286344
-13.13181990144795,113.25643375343913,0.27854547875205354
-33.25720750827439,-420.3737998909855,0.2407273694482808
19.47856637140425,-31.26107317245907,0.15774552028331656
23.210793682205598,69.70152564286583,0.21923768549085212
14.403814756483822,220.8754948384647,0.28494428780868825
5.42067665132577,117.60925497276544,0.2117811990033787
41.24331700368973,-200.1947545103609,0.24471700446960076
-4.113054500090339,153.70142020271368,0.22243314613636922
-16.91388208294423,122.46407881967525,0.23219009496825047
22.617153404452665,-176.56583910809283,0.2249194094095433
-5.851374232592254,-95.79191574402219,0.2227747253325893
34.241871889575904,-421.1446187791732,0.2287316856041834
-33.83682375538081,183.5469336359616,0.20004458336674877
-34.41823263515452,-209.32333442953336,0.18135562807933628
-19.8312706455441,102.35009218406768,0.13845280036982882
14.413795400406382,-134.33069174837473,0.20304610428756423
19.54959237684464,273.1139693796699,0.1945856962668157
26.23498411142006,125.32007481425254,0.10588460698303692
-9.605109380050127,482.4961038865605,0.20280537721050512
13.200179988600794,-259.67179257682204,0.21409959593519373
22.94961529440436,-286.90414512847127,0.09807289283039161
14.27564496934867,-264.55179639006934,0.27405525401050845
49.96685895762517,-170.33477220936913,0.1957227532059001
29.271222653635178,-59.34005896339018,0.207473799977923
38.021502976024905,272.6978329706118,0.20386482070778547
-23.45217330397634,204.9429875699327,0.18042948283064603
-17.462013962146482,-237.28827208868157,0.2310017124380283
-1.830316991391564,171.6756836582015,0.1540525716692155
9.140804889792257,-121.56843068408239,0.1838626584293042
-17.70607095399326,210.45038547864988,0.22235149055560322
18.28453788196676,-43.57357621221518,0.2342911367945889
-12.559755314304471,-83.66281609979961,0.10560549496792643
5.649142141133549,329.88267013534863,0.25573026342178695
18.060551757792126,508.5678896920214,0.24641414815951218
-5.341555061541348,-4.070819473784847,0.2738750554569603
-21.51086117671628,432.7594743575839,0.23022042715181212
-5.946622871726634,-56.32171874988864,0.1201927008364386
2.214032144454636,0.05415021350893923,0.10853748777128121
-12.151951951148558,-363.41739200594463,0.28739900519224826
-26.62353668104776,200.9445488609447,0.2504414994953936
10.495974048985971,-152.20702390538733,0.19062043797924566
17.203606423293827,-45.74991237823733,0.18132106407405096
15.63619020611858,159.37108366757244,0.23099142866918865
-34.065800960191545,-168.57397652811503,0.3509367587544807
22.163481212901118,109.0258260418262,0.107634986437896
-20.34381938699965,193.42865970819395,0.21033297315602678
-36.298556305357216,-238.61553818396607,0.13935900317268504
16.615874943665265,-113.93445000525637,0.23042666855427243
9.448376787750664,-26.53018806870732,0.19653659303941526
2.779086718793631,220.23221171537745,0.1235553349271104
-24.940588816151745,-22.801238735240542,0.26617390461218715
18.412086616582897,308.6632430018063,0.19678206486792885
38.51955299958894,23.88036885083983,0.18653738134292647
14.224305813014928,100.26306307001478,0.27075621549647805
-3.1063949585419763,-178.39327345474038,0.14508894768578734
-12.766981539945832,-120.67324985423926,0.1165831436621635
-42.25754578202287,-41.13626853863309,0.16756629950540539
12.704789019753953,-103.02926416607477,0.20147235553720974
-29.500036467146003,139.54951783729206,0.19127793887765313
11.122344634812793,-154.31667964399495,0.25588690354365135
7.734981631285018,46.651704127322645,0.1853406889164268
14.263443152909232,-6.833041974617288,0.14176355685214662
-15.320896715038739,13.357669095449115,0.18929514665680006
-5.535360042792013,224.80271956301885,0.19751460783198743
46.188503553614,302.4553794315906,0.2701594338589785
-1.3878956407622414,-102.20990745372951,0.2504543044641189
32.52150027494916,-134.61639191257277,0.1929004360213484
13.080044478984263,-302.45358901926437,0.1711746647848332
-19.920707909441703,184.96475026835918,0.1554931638375387
-12.67526716491295,-148.31196005213135,0.22990191681947847
-5.746550759799996,109.13030540994069,0.1129666209062558
7.212290730147637,470.1042303255936,0.15415962989781065
19.39690609367943,85.89208538020856,0.20638999663547822
23.145892342922703,-71.40031951431305,0.252067994717015
4.336257674573725,-69.88015029076124,0.17120824820513825
-11.257433132919825,92.24701813589927,0.18239093159368291
35.11826184465215,-96.23735626946743,0.20180831046199738
5.334845797839921,-41.47404766474476,0.2531050016415292
-2.7853889256764663,10.989438908473558,0.15544678084991878
-9.040288052266664,50.4234455044981,0.24019651828980856
-3.9013246796129946,-243.14898035826894,0.25438010968088265
-22.093522292994233,127.43182658862003,0.19525293230135599
-3.0093224893807817,-7.738649373109559,0.12542386163143443
-27.037290224183263,232.15653477087776,0.20269785691186729
-2.0321999276279583,-202.28181174474375,0.21547838628487695
0.5804382137490812,-195.37721422017884,0.21741171813721585
11.768054482935927,-169.56824143889483,0.2022941362723001
32.79905923019288,-77.17793874711005,0.1840460552279982
1.5069733394185594,224.72687471218035,0.19180258842381628
17.222135575691098,278.4335493702726,0.11390915514620115
-25.65808872273959,-212.04651868224147,0.15728836912564326
-11.905911182027175,-129.40488696392555,0.13334441045466366
14.943977687121201,-311.2284187860882,0.18159777356607518
32.97445714242587,450.05947533851264,0.15681725555175674
-22.419888527064685,185.48600244583503,0.23100469390932551
16.76664819926564,24.696737201152736,0.15524781535046064
-10.490377209198211,150.48608201582374,0.2181794605513746
21.880128164821578,-196.4679172224681,0.241742127580157
-10.999121871702295,169.1666782558376,0.24596748134612387
-18.557162454625537,-146.4452908690412,0.2090129931777022
21.172896445018164,103.86241222275831,0.1995780307584619
-6.7717452369587665,334.5525327720117,0.24558792001571164
-9.853580895679162,-117.9792217915134,0.2440760440463648
10.74136580960129,170.81769047160859,0.223452997825691
-7.013614269746752,-401.0852534852055,0.1396842246281307
1.7344749968214783,56.83952097689732,0.2529749682332697
55.2044801957353,353.2391516629584,0.2567282986058575
25.38542273481603,-160.72948125794804,0.23896942271712687
9.482315965957035,111.23533802011538,0.17397242244693728
-10.788866101100336,-75.71726628021777,0.2517140864630062
-7.813092337691284,-226.1501204720889,0.27106874193305935
3.536382179195308,-150.69578774312257,0.19211045690265574
-25.725018807964926,77.48057941957582,0.13555324048710884
11.273534655714927,-276.47144620046265,0.17138639588903465
9.981966973526957,183.08358917131125,0.23115237462194196
21.988411706676114,109.14858729856387,0.21626602214257756
8.302989839924976,87.88466221379913,0.21400461135822305
-10.439662690638425,203.1217607652011,0.11503771728950468
13.206881958815233,-133.3073439083964,0.24310221201490073
-17.817563710159853,39.1625121628332,0.19446266097515658
8.266398269791736,-25.525000755176773,0.28586675747391566
4.624399513295719,-43.813003737049414,0.12409128404574324
-32.115482005919475,-121.190600267168,0.22647682701767732
26.254618517154768,-59.66788084752063,0.21446043145345162
-5.011087324887502,245.73980194932886,0.12327615545643882
-18.68765454777291,-176.58028542850042,0.1410556634581478
-10.594219856911193,-22.237546939797998,0.19564290523532782
-55.953549582063495,88.34332270103968,0.2234965882946075
-29.793909368127267,-36.06119024774406,0.13344930548793565
24.286053629505126,15.591230257048105,0.22076430768893257
30.637563397992768,168.85291387113784,0.1854964152669461
5.9411159577741905,-10.551816257006823,0.14015238259643353
0.9225430816250684,77.23329385555276,0.22998925426930705
-22.14486629442165,184.13542899304122,0.14471692066081737
-26.619297070537304,-131.27507818724865,0.17214691281729672
38.36203907826358,-80.01244973845307,0.2672670010869957
20.79206423662516,129.46634513721727,0.21567414494671494
-5.326641519206204,129.5451216048392,0.13987149948559524
-3.7529794643591226,95.74556545302244,0.21038248231153764
-22.652001856624505,161.1633798882322,0.1528512720220983
16.036163423535427,106.22239411951786,0.27724713915348637
8.088492899299224,-166.89858311765175,0.21616688409311066
7.881739879252496,-59.65338564818789,0.1426525133847536
-26.81075248618726,354.54313443863145,0.20000056215854523
6.7267466394128075,15.858269490081156,0.17318321112989976
26.0723762117158,1.7417607613274462,0.20566523529597583
5.579046767197024,-77.46296336293157,0.18229586942432371
-17.671424049458402,-227.97269390628085,0.1950307782405026
5.21869192424629,-279.88050860250564,0.27774790760783113
25.499024958940314,269.28838428600267,0.19511698361276553
12.159907328303722,206.01453843890906,0.2123998948105709
-16.172563440146757,98.80149844126348,0.11986326514413342
26.13733887295134,128.23777954052454,0.26379723923958215
7.578927923978949,-334.04145563201973,0.16544917002028658
-8.464142717876642,51.17791837695174,0.13423883656728686
-26.29285875599095,-3.252918650249504,0.19578905479385542
-8.507524216735066,166.86726717833753,0.19017373170630367
21.17607930506978,-195.6984516241864,0.11111179387361673
37.201231021685636,407.1689090627427,0.15756028373298767
-7.4998275656516045,126.71561763419355,0.18376231560436224
17.124083423493964,-33.93785903217233,0.17336950406345916
-6.9383357012900735,452.53078970377976,0.22065847917192632
2.0614698107879454,98.9568085793092,0.21005409865928462
-4.759650126092722,-5.294125269320867,0.18552511532116783
5.276506122235196,-406.72328288555,0.14328637259601618
11.58311767358173,-365.05949178427693,0.1514510081581714
-8.94561301734422,-71.47195754463758,0.16455748225172084
14.429410353787333,-100.15347083496853,0.2742125875013811
2.7860802361134147,144.67278810213267,0.16217687720012178
-23.827139931650514,-220.28010058686158,0.2030225637629521
18.551657011552212,-65.60237855511153,0.1881729849804655
-3.613552997693046,-63.99520390960035,0.2441946572573647
-14.412574680174528,-178.83769432618783,0.18006882846942834
0.20547821243647413,-59.96714028573182,0.11777924982351687
-11.514322353568915,-247.64483449800267,0.13028209379883032
-5.3577764979797635,-48.67925838070863,0.253062475519548
-31.41486485033174,-126.86641418800082,0.18266556265925296
22.989095461862302,-241.8577361511999,0.15205337034993438
-15.010043524599554,-67.66689720670574,0.14199246027501672
8.67218776190532,-46.80556152146487,0.16155700559750366
4.761465347629734,-186.8723634429719,0.156285571125989
-6.406355604205048,189.40441647137573,0.21634481994427288
13.428721712629589,-61.28856380282133,0.19526637106948877
-40.89255923399026,286.81375536964924,0.22306883388936347
20.567005609727254,-79.9302696444557,0.1991546736946995
16.67692738563964,165.63891681203026,0.11166914113972023
-6.215398759562021,-84.09871605254547,0.17813650221560032
-26.067040108238206,-289.5650347664954,0.23796268328335912
-28.46241024349922,-188.9529853124326,0.1671052361061544
1.9082364083366288,-125.834737102684,0.1994653990645086
-4.736412652858596,-206.66574300394745,0.19845178219283038
20.92169758338837,-180.2862286086015,0.12945029753629356
1.6139866558821745,96.1465570574421,0.17199582472408778
13.375378028810797,2.1672381757057044,0.2525322767797703
41.525804576218455,-70.89656151810567,0.16702020326315747
44.37716689687803,-393.4929993754702,0.1688554924932928
17.37818792626239,39.885748343177376,0.08505165277943766
-0.49851600692421955,-162.42243596610348,0.21629593510522158
-1.8350595339766897,41.51681585084715,0.16607061238092777
-24.718162136444466,-48.3817286463222,0.2035983539260088
-14.038797293011903,-214.7706543005688,0.2407061578924338
-1.0084943247788574,202.90489127483,0.25743346614255547
12.138150445960614,151.74376661066407,0.15607528507550472
-5.855516843993225,97.77491797313395,0.2251159903902687
2.2795057251572186,-30.97898635486869,0.24782094368532157
22.88062744012667,-78.05091126595252,0.2358601354811719
-11.779198768269065,-638.2551833616218,0.18117147142095746
-23.576550498955335,379.778240013396,0.1347194589089784
6.4471271806312185,99.87998368193854,0.15088389171052927
-31.20234769847722,53.73698154592428,0.20394407117208252
10.50352776928339,301.91827988985665,0.19866100292992317
1.347478680496417,-47.796288633295994,0.182297297295006
-1.699179069859234,213.34414661509123,0.24088818263097966
-2.2299180388397386,18.312510815783035,0.1360789764476274
16.444129943956383,-395.5368894258675,0.1852624251925075
29.91487112232096,-70.34223372594872,0.32377054308984016
35.75955187482223,25.786202669250702,0.26139056670950883
3.2005334475188474,-234.2200528019939,0.146107780748913
11.873414155727014,-130.56052107766703,0.19633718725919444
-26.93721913119827,-351.028687913955,0.19700916743646724
-26.393787159320308,-87.06696973071847,0.24793135446379638
-22.365267415306143,-277.2981752755325,0.1982058279662405
-22.160203479152173,-40.1641835543297,0.2859853335180575
29.18027889985713,-316.0425205540293,0.09330687019204803
6.7694123446206955,-116.84269878086597,0.18541360112781108
-5.950978458326828,-210.24132375049902,0.17787307084223444
67.04838702002944,159.29669163098183,0.2633562591559484
-15.77511406726085,453.0945270490123,0.16390195889299802
10.761335682093447,-284.7510562067897,0.2174263978398612
13.231638653244243,287.41581567666873,0.13376411320815496
34.78695509426284,31.64112943125012,0.24843334070803094
4.364929818040116,-213.26260961050957,0.2020862504946189
38.23027638381483,171.59492573082704,0.14168444311192394
4.135341708576731,-235.4529636689539,0.18410117242899948
8.699590943155147,-77.13704351875141,0.05444324187755409
2.3964347666223014,76.02171131158886,0.24486270799428975
10.187158777661303,-126.44014940912234,0.23082433370861716
-26.27332488213821,271.22255817173954,0.19019168478831272
-8.861830089514704,4.161819545075261,0.18621368888359016
34.5460691443974,252.69664585784483,0.21457189889532038
-5.148205479589789,167.20798962279972,0.17041976783818769
17.65140419360097,233.08949539278666,0.09701346356573222
5.514630854043148,-198.70249252575394,0.1581001485504614
16.807863286972207,-240.97211843092526,0.23784442432446093
8.126457376013441,168.60445474899223,0.24986710189114755
14.307065723841719,-105.58615027948078,0.1703279144981712
-6.600115710027658,-42.45166630155848,0.14713742126010815
16.37768555326739,-40.97870767496327,0.22343537693394225
-11.53010105802052,-118.3719727918757,0.2514244876394064
14.243630761809866,73.26130875168087,0.16082991574344474
-43.6386626437701,-3.4138287225258823,0.2503002119283476
23.163503432778416,12.253036220234485,0.2810508394104715
8.660532397620038,-119.95977867106957,0.160814409254743
12.457131234684393,-337.22192194499496,0.22805942626760278
-3.776719686080124,220.5781750614962,0.24187684608606203
16.039624107284492,-102.44913052657995,0.2092223368283343
-5.908456559187617,-38.99360237369339,0.15569617342451164
8.150862603694076,-192.8364512183798,0.11009431079900743
20.79251030749819,5.337926064602118,0.23855003076074044
20.05359961489073,37.60312675117689,0.14762535833182053
-26.82232788457714,-6.1297947411732085,0.158688729973599
3.2178342838279335,66.6244276399847,0.22222290373380538
-2.6402308133843104,107.5235617348955,0.20546736046355515
6.063064199285206,142.81574342422033,0.2623105318720116
-4.715474578192998,309.51744554444707,0.23528630877376305
41.28501281019493,294.73641538278537,0.23793963551566202
-31.922130253038535,-352.25947318631506,0.22386222654435095
-19.726825289076377,153.19791233901026,0.2313278653278223
-2.3238103854347902,-64.20351036822534,0.2193263078050779
8.114208148305162,-47.83101019992036,0.27788804857832916
40.23034363115798,10.60640494164545,0.16111199722641356
18.571591599312935,312.72110803433605,0.24937938668387438
25.342233101989326,-255.27384941612516,0.25945012027660563
6.47548247413492,-102.84214307831361,0.1470673343530096
-37.773226463116096,157.87385008508866,0.1966674701424976
15.119946855859377,-146.3323044704396,0.16343027509615504
11.275310750325993,-355.60408420567285,0.17197771160799696
7.090399619910785,362.5088085454683,0.14316409067116564
-24.61067843239368,131.90907983990533,0.14779998156364632
-2.2075933706925555,2.508445160667596,0.14344531352451484
41.97151018758689,71.13372786348798,0.09818538890888906
-1.684834581291933,356.37700493436654,0.1688181034199177
4.227997300845175,39.976002980550426,0.20702267809330321
26.038360252396092,-109.80589690852263,0.24464036106146192
-20.30950975662217,-284.8508737995969,0.14710678674998273
16.95045927295359,7.80755417513703,0.2654540981307696
-11.919842597771657,83.51281565542946,0.1984280394590279
-2.5009556626320792,77.82400271972469,0.1856472157711275
-10.48693026440582,-113.83273866741155,0.30092750942097407
-24.257131250566143,183.80442062296495,0.23397073365917892
30.055430899091217,-369.5231281402213,0.3031340704315728
-8.451421392845916,-396.90320060349006,0.18879972529641642
-43.80539907275583,-179.75622150878425,0.1462914299521093
2.935504948592613,164.48059580066698,0.1305496714347933
-28.045900425516557,-11.214460650680365,0.18848424086378834
-34.762193568191826,246.3520533053318,0.19299832100152287
20.690610532152306,-48.754974174562236,0.15804078786026596
14.295316688644238,-18.810424161326555,0.15561362968036324
-44.79656441335611,-299.18938830619936,0.1116998005710546
0.9259930410620015,-25.279054136538036,0.2471200389669817
14.224827171608371,-229.9452700745625,0.2591456823897016
-19.397804771234423,347.33668739684214,0.24134391155260734
11.384438235742993,225.02873225488992,0.03948295336598204
-18.195537891522154,399.7524124385924,0.21740899295859822
-7.434810551840973,-72.00592257148912,0.19614859235406065
-4.5849077574200745,63.482190495363476,0.14221043369362268
-8.956490053493072,-160.3804098449729,0.12743005641632615
9.949724350042295,365.6177331802603,0.16035143541786515
-4.898351604796539,-154.42015126407438,0.1978964251227716
-34.73432738936311,-434.01739932462266,0.38820704525130884
11.685365098184073,384.0528519613028,0.21305851850130453
52.79862797522949,110.65121813025371,0.2187010852713649
-24.525944124491453,161.0097837953645,0.3124406872931257
-10.801715646713586,90.28435741835006,0.22876071067104342
21.89800750988026,338.15981327132437,0.1995432593671718
-10.950877091015517,579.9885101487764,0.19896765191781596
-5.82428493307304,355.6265582689953,0.24372760688788514
4.376517512646459,-174.69088934205251,0.14784237875920134
8.527807575814222,-50.471527486406195,0.2292212697644929
-16.322226758033324,210.80799830721168,0.1948023464593227
-6.940086753013088,-158.66617146242197,0.2876601996257093
29.193396575549166,143.0772729958327,0.21979370695278624
-14.432228057463819,13.53214152544708,0.2006294924972922
21.753007208671292,105.22232401283529,0.24372847613792673
14.992250004953444,15.503818285435788,0.18716418361202888
20.38893030967386,-42.422760797805445,0.20214217935790957
4.505098124075719,130.3230732807008,0.1928098620724973
-12.505702097001032,3.92160165965463,0.12819928308019712
28.81394522257233,259.95145622984006,0.2243549989071829
-10.713680298635557,-137.52739617841922,0.23777797696505132
24.954011678716242,-223.23209135577642,0.28083612536648256
-1.9440677816187877,10.991147186851238,0.20536051071993178
4.49748576505992,-476.9632578108286,0.1976586928864491
66.40574322531181,-433.5030546240576,0.21675488438821697
22.64610796280551,137.8509940743879,0.19586031989999553
-3.465201528645018,-280.3298178009864,0.13752180583874232
5.82182859803143,-18.091787879310225,0.2588500250793299
30.627484122675213,204.37386494875653,0.1901124492093763
-8.43188126628641,-119.15421508583286,0.18461278776528714
-0.9694847908063247,155.70659766118902,0.20725197977287085
-9.748082773698313,-379.61042516810915,0.1917177949292017
45.83100926553791,90.89361241431303,0.19380994485686856
-17.610565759736122,-480.86886094373193,0.18578086057151375
-44.20378627785177,-210.02136673654803,0.16938968839309465
29.53772665683858,37.524605595954874,0.20407158198268394
-32.14147998115308,-160.68367543361921,0.20036607704466533
-18.91932056850755,-449.8786423388699,0.3410571483708351
-4.032324514222946,106.9223002140804,0.2480830689981287
23.934635095312913,17.492197318751867,0.12810163903443414
23.724835813968532,-72.43055170733763,0.27135086957882054
26.766807261882313,-214.12100203974666,0.24123157516247762
-7.327262580303364,384.39864199242106,0.1958767268983201
8.391683885678612,-311.6961845078512,0.23074922066419537
-37.9687271077003,60.896142680376286,0.18346746622640353
-8.659137445722177,-141.18414836436082,0.20964611151292112
-19.594328266767974,61.482306571490305,0.14811912878322683
0.3096378212011112,44.357985757457094,0.23530786129547115
-0.5233869200707769,53.42055192223364,0.198748933189533
17.810349776119644,242.1330398226092,0.15280477691593927
6.532561994542766,-79.39934828292444,0.21668237029495932
-11.374958639318574,-115.32290363101656,0.23494743757368058
20.655273061862083,-151.34514874942454,0.2062583240514654
-7.720455459612145,-55.044800455107534,0.2506295031392686
22.889543478411426,-108.05384844781972,0.2300554148927104
16.509367989510174,45.3718712430786,0.13066414698096374
22.246561957234057,-241.90109594042966,0.1356757150746648
5.830297570028604,-196.79413751576976,0.1857995622872185
29.044859466624157,125.14790100718844,0.25207899730187805
8.995556175803486,59.73685760276513,0.1514650302831872
-38.71099035020231,51.626063723492486,0.09376979812337508
23.60428347655244,202.43804182161477,0.07918776459639348
48.67123164650738,-140.04683804698905,0.15458869268298164
15.225698907482348,-2.9897784508456278,0.2557176057018027
-16.067259165878497,-462.22694272269945,0.18727284686517728
-19.831634891117208,29.785960318006982,0.21222360524997652
-24.125853058637205,87.8985271997329,0.2140826630929261
20.17549642137805,-79.80761677902532,0.13563782466323188
-10.044936475249958,-221.0900147917522,0.21370482693267878
-16.57233574467859,-165.74031722502303,0.1969240609126261
6.4486291190396265,-223.60752058154483,0.20346882760445884
18.851238958174513,-117.47670962690735,0.25764421590340125
6.190351994331634,167.60820026546915,0.13909273221136487
-17.965703814139026,59.2497092137339,0.20150968111076417
9.103023510233681,-121.28450092650054,0.1626904207195057
24.186178741587035,211.84652184862912,0.21617752148980007
-33.741170417661266,97.69711955244479,0.3007396733648937
5.092764501311644,49.26202025035031,0.16790052046394144
3.75617557114126,-65.61856531874352,0.18344342560645863
-4.969252195774143,-590.8962097184321,0.1026272949896844
-29.501011153701096,234.7185025649455,0.22444516129543332
1.9009352779205573,-188.89502924315948,0.2129668906891946
34.15596987334036,54.02040071517264,0.2305854205015797
12.358505782667848,-50.7071482908087,0.21847050256393813
1.228431766577401,59.73718620203279,0.13275347216598274
12.722197807603786,216.9960917592973,0.2349019871692956
10.859690796077238,57.414671424810685,0.1761296896874762
-16.32596171427182,473.602722423961,0.15672589319854324
0.8854155738358975,128.30462407951933,0.1288644687981148
18.892622384126092,103.99276862799358,0.2368701624837553
21.35727087229948,-26.64814776267677,0.26277058010245735
12.62888998588372,8.2480724976811,0.2227939458803778
25.692694595261358,-419.516032332589,0.22856458605273056
-3.185397154154929,-107.14537226635255,0.24122078907979205
-35.20048128280599,94.05369206601458,0.1687847736585684
7.866958334851518,-254.8450740257945,0.23738599173956976
-4.818330837853296,10.90168687689265,0.2598568532015218
-6.954502058765199,192.2150665826298,0.28165905258258983
29.122353278961942,-4.925800253507736,0.19401967300905193
26.02651908068833,68.20705821814722,0.24532578647476544
5.336084723626589,121.73813479115081,0.15742030686193365
17.612772095083443,-96.82426004869468,0.24670776110011697
5.601810922520821,-439.65417720926104,0.14233861195694222
42.67184261610731,59.84499320991483,0.15192852889040223
1.774812989856542,212.55181144603407,0.19936337774761298
19.96017136994826,42.64225472602926,0.2506742370357806
21.74558236523566,-276.7485909108368,0.11448665694579406
0.5406487929082713,-103.53148178890794,0.2548209339049193
3.0987699431215483,79.72081444780984,0.19153339467424071
14.658049241967985,-24.26105002152864,0.20341467853192774
-0.3782753540269143,49.61509334535556,0.26678110122842175
3.4499576943206827,117.60498084432602,0.14513811516253114
-25.163576626586384,142.1437018224907,0.2271453059165514
4.585536427628937,-175.36072113401164,0.21856366144863876
39.75249194335119,-219.76010145335198,0.21232405426842746
27.122424198850318,197.63871601636507,0.22247816415140187
-4.605117371449517,-189.29489978234335,0.2358906216200538
-21.084201927111877,55.715507039198286,0.20543558133651146
26.35873342135598,-23.834730619952023,0.18139716248057122
50.817146966863646,64.07583404770466,0.13560854063147568
-12.89291233833122,245.96454669693094,0.12421778464873362
-0.24360009159315277,474.63436488176586,0.2315918981816127
34.37819380638026,-124.3877130089043,0.15747347306629392
-12.411912393036676,-104.02321877586775,0.15738706556979973
-7.560619194898461,-3.1772671179785577,0.1902701627129052
-14.920914825934783,199.28164554835647,0.1561859275037584
10.472661529554273,137.2954899706093,0.14911767341921733
-26.479605598392183,-53.18062028984309,0.20158284452151315
13.148862704423284,486.51105084434636,0.18830987337197652
1.1419600243840178,-71.89879014921576,0.231704448430195
0.912164995027803,-217.61739268004808,0.2988537189088424
24.116551792535333,136.36791253497637,0.24535498395658986
-13.062639269031903,-47.87559058751319,0.21204600851784866
-13.695827785791856,21.133180180518035,0.20048106343571517
44.20932540350445,-29.095580994835807,0.10535870392364464
7.010478045507663,-154.66934124637206,0.22481440463252206
8.764333565774079,-91.63302826162533,0.23729574262714953
18.043004342880295,-125.1640891123069,0.23889318386889963
-17.38995980234258,-105.01210608329785,0.156325215329819
-0.7188160178534507,183.70111014332034,0.3141279180004799
-7.102909823121275,245.54967371324275,0.14372482818903043
9.885625442419514,371.50140076059756,0.3023124417725944
32.15800366732252,-6.302766581326777,0.3384169473905382
4.177992994301022,482.5327395976684,0.207872052727185
12.102372921274341,25.81436434190672,0.2980757778998136
25.22376207745529,269.3895807805243,0.10187560471711724
-33.248870068495755,61.12577779868751,0.20243459080245702
14.56163939023725,249.86875661173502,0.2154503173192997
-11.468535547057341,-246.91650089077973,0.24636543793701016
-10.724016025596699,-31.140978698197173,0.18817195445091708
-0.0719491683577318,166.42344132841902,0.34605253457151863
-33.69782533078583,-226.1564344561173,0.1660939010214927
7.356287126649889,-116.13036611553707,0.09134791387325628
-2.626485614851341,-462.0600527455846,0.2182095358421192
-4.6902382903197655,-208.9306651914664,0.10011361344505816
-14.877621787065499,-13.564830556807578,0.21447437488967827
-35.48191964503666,-21.607896742084424,0.19840442320759993
-1.9525942683332909,32.02605330726115,0.13361080216673057
13.843390536198282,-168.18309155485875,0.219456080920513
51.01096508714565,-77.77217731905264,0.18593957226609592
1.8551340283064235,237.58736858684193,0.23928513265693052
26.852213021215817,51.36751158959999,0.14618657192785414
-3.908940639458116,-87.0035317297569,0.21026355423290802
-1.0730909768524284,14.870958762123715,0.21343314759624185
-42.770449157466864,107.53906657869837,0.20134620372360973
-19.514417844948145,-200.4705672541871,0.1764234080652065
24.06787784050744,-2.199397861046551,0.2508034841012761
-4.133725627513716,128.00463282286043,0.15008814705893925
-9.5087881061493,418.35849108996206,0.23382429689700834
4.930902828808083,-99.86386028601575,0.20698874412650373
-24.937811574217594,-90.94962722801982,0.18595628433784267
-0.06316992669168442,-236.15246157491367,0.19948451957662097
12.517722754907094,-111.37943813723545,0.22627848786992394
23.474096630205928,-375.56473553023346,0.16836380574653081
-3.670625336200319,-115.43687554589546,0.14816286274859145
3.876073148369505,9.098794862874746,0.18508944507292016
-29.453488173238206,79.10774454321671,0.1881272456894874
-22.422002180500616,260.7187440773765,0.15635724616421745
8.772387194957181,45.18761735190434,0.2507552369979289
10.031590615822543,426.62872708918184,0.24022454092716816
-34.62704702974547,-38.23328760343646,0.1564206403329286
-47.63386924861244,121.41759389547455,0.34750508225531274
6.894159448294231,-13.398579175111236,0.2833100086812893
-14.573770366281822,299.12663388114356,0.13150480808987053
22.647530766924557,-206.055536624013,0.25509235761176857
3.383843758005352,-162.60459251048735,0.11376614882124748
-16.01535883353241,-238.1508003016065,0.18013852784851986
-16.170120735511254,43.11427325879378,0.24904217741203957
-8.49979191203239,51.851782136241155,0.23083164160170802
12.842841561589955,-30.843919275109364,0.22412865553220357
28.80390020662729,64.81074732487592,0.28483465783433903
-7.075637971765049,-103.05434582171218,0.19921791646340267
11.24020342367135,183.15554414675245,0.1824874310589144
0.6209927751603834,-117.64342189213612,0.1858604985625124
26.607500924818194,242.63068747066606,0.18335760435252876
-2.511279087573147,-38.80506743853137,0.2294981198710604
-8.781533887500084,-95.83578170917181,0.21809686132797734
7.093824162089683,110.36790170192678,0.24427482823141067
-25.894116694578994,248.58063564835865,0.09680524744115887
-24.037916093832333,67.46264121478829,0.12422882255788865
61.176677644370145,-29.719975544493003,0.11028791355429667
14.704114193714016,-145.65736984440738,0.16874087319689965
7.30937181749243,346.68673530187255,0.1926146116975274
5.7788003072169305,-156.53412203193108,0.25758918429830246
24.015971779092876,39.52346788587738,0.17662211753183304
26.43524241549362,30.5241676312445,0.16057510435041614
-35.88762966967428,-87.08016029104087,0.18344675405134322
-17.200965300038455,-17.817835617944482,0.10496012154893401
10.588575864715146,239.65561404789827,0.2630428366581347
-19.748843523635013,187.04407311110265,0.21572987026473067
7.776785265921559,-479.0741379651046,0.13234404017753965
-6.473337286940088,-30.19473959751464,0.15820470890462396
0.5115104051374518,-57.10012556824757,0.20635025563398995
-20.502683289719997,-75.22761812189319,0.20331143212144445
-0.027445805254787348,-203.52304044916667,0.22432246196906153
49.21828427138525,403.9003206497543,0.1740543010957509
-29.19214811632053,94.43265324072819,0.10418929570133072
13.526038050570136,215.8863949027407,0.1338311631071255
-5.719205282816552,169.72862994086023,0.25350386743362424
9.69950076278312,134.17383847555695,0.15587913831312605
-24.53382789773151,258.6231932556487,0.22142026006122156
5.274654747659428,-115.29593785923846,0.19338857748370983
-6.8478666692597745,8.09683931847607,0.34383936024050366
-8.730441798268492,-37.59742400607399,0.07794339091973097
-14.494880755395641,-61.39114316997318,0.18566208385219968
21.43158615819764,14.808338168097542,0.16220127851274233
-18.763092114804387,-215.3836012345215,0.19742105649618868
-30.33406257133134,44.374116650543705,0.190435658793237
-19.19774013068785,-16.711200831626087,0.13889636731518767
-20.321729852186074,187.41268572684533,0.1995622042163943
-5.903859939891309,25.026216752243297,0.13459484992698967
23.048960701624253,-94.67793143802103,0.22562636521645463
-1.433251333709049,-68.72287254198916,0.21043885550083694
-3.6075332589909004,80.91949119400803,0.20406964074247155
5.449325603234171,250.7972929924089,0.18522875978409503
-20.61677791996157,-117.239466267766,0.21801309433467495
-29.868206609463122,-105.53855120220884,0.12075261069236559
8.408001687569639,-233.30051582517243,0.19587465482578287
2.399689153296549,-40.609670844607294,0.2091114395568605
17.171858048943495,-37.13653867303089,0.27405865641239274
29.056026371938017,-380.5279475140417,0.19984527102093094
-18.456861944118515,-329.5097525307876,0.20524457790254116
22.603180131174962,-72.4493156257823,0.09696543927535584
-26.063704728835205,212.53285719081472,0.1262355609643529
18.40226151685188,-425.9422394119757,0.19569697391117058
14.855178758918923,-104.63578165704959,0.28008954153603205
27.93084271680188,-188.77494454454668,0.24734818364404884
2.508229313472236,-372.8034468196799,0.2137076492069646
36.092421539162864,-189.5296349184016,0.2120196924433023
8.20439104413776,-173.80824244175898,0.2324949290958469
35.34474268628153,-62.311988602916394,0.11087285814728397
-5.352876484770297,-152.05803517883376,0.2301911308451718
-4.829477978485594,-46.237973983867136,0.18381601920746604
44.173842244627664,17.322270354644623,0.19483269444284704
21.624071644913165,-160.96453245398416,0.2505682029095877
-12.62242946862175,-189.1570027763674,0.22322791747853746
11.35307449219072,-0.27633147155199317,0.16963406875522616
-1.15843511757538,-78.73597514575742,0.30620958066327486
5.058096387845044,-160.6281659454385,0.19467421592909478
9.437960180589924,-113.62596752769798,0.27804902665179554
12.814543073574466,55.2684283604872,0.22438392390846734
-31.40037544499596,192.8475045406723,0.172317376986156
-20.774498851583736,-395.1945738763328,0.22892648919285474
-30.011037985661268,-74.3411172285169,0.28044202518627825
7.775134535124192,-59.75803168241922,0.2533044468476579
8.669441351597802,-200.32534947106635,0.18825543783563006
-16.071951098788656,-170.38042561974035,0.30962049578193795
-7.378602144668399,-7.27204125730346,0.136264244438412
15.915101825594062,-385.29415062733835,0.17510224301688593
12.494732464443901,-61.51547739960518,0.2555641074774123
17.572390148764825,-213.2323322109235,0.20860145786098822
-11.470627238217652,-90.10424265916063,0.20563662453731674
10.287409807880493,-392.3052799156113,0.24566135257591254
2.8727870525713683,509.79502197113857,0.213528985522699
20.290349424966614,-42.35850339732051,0.06083975600791108
-24.911667739813478,218.24775060075163,0.26562587136827837
-2.113160520760629,75.22636362500921,0.20899607592364697
20.426391797166676,228.12713805306487,0.2553642888243807
-49.87579034481941,37.67304554096779,0.21397831368167639
-17.832993780298075,-26.292634249723207,0.2131810285329573
-23.4622735287017,-45.0761793043893,0.13488382010665834
3.2317488057908257,59.674114958120484,0.21464425181153665
-37.389590866300566,276.9109445729898,0.18626915115495563
41.66373071253372,-84.42601233666215,0.08219844018125799
2.366974160646314,-246.8655692388956,0.13475301115388044
-11.179992961304777,-145.69462293750541,0.09109255669163739
14.205167802253541,-225.61888817130628,0.21567246617932007
36.68330697617369,145.4964106329588,0.15490619732851751
-7.500223359417841,-17.64017855972493,0.1461043769470899
-0.6360341890105982,-162.83610943126166,0.26215451856887323
-2.247378340633376,40.608862243952956,0.2342696461392683
-13.653299729814893,-250.0540711084426,0.17500117576732377
-60.68052612667471,-7.483558275721661,0.20378464752446424
-34.15130803433703,124.30340863122397,0.16881474623940576
1.7205076586547814,-40.564198043227215,0.15879241011327097
-17.234489008485347,-256.09086078985484,0.3201669188156285
-11.295904207134262,145.3319917372313,0.27122987057238984
37.350627008936385,-48.39170728671816,0.19499353887518514
-28.837246908405213,-134.19441377707076,0.2411367951708799
24.196773876306302,133.45575458462577,0.23056109435975788
21.132491664202725,93.50787271482234,0.14097042085650385
22.194229190572962,-109.01804844118854,0.22216922987416265
-1.9573278968974934,128.08268932951387,0.1637816221358696
11.725722840733654,-219.49822011285966,0.18148037732646083
31.622690230212392,-169.24981833664194,0.20579689752029695
-10.474838172142366,-191.8530909018865,0.159055206357269
-2.4062606050778896,186.12508227396395,0.14697272771523048
-12.588319393985026,177.08041337579655,0.2671769794100659
0.6511253442546274,274.97028045917546,0.1543730844569037
14.010267647459369,-33.38115150755277,0.2016729600335696
8.563667653450407,116.98396843007987,0.20399458122049013
-3.7957068535447682,-2.9473204445629975,0.20350154306753207
28.023176102806623,-134.8364074916925,0.2485579792981188
-1.1156994690703936,215.54687123863278,0.20750054495318
-12.864784089451929,14.03124201235126,0.23760442043305963
-20.360325709819847,-61.148564314910324,0.20257273318742167
-8.85811262878412,-284.70763261082993,0.29477538153002836
4.195210386253902,-172.842687432612,0.197354645409227
-65.8769231061311,52.337214383547206,0.24045579563076871
-11.877817153559448,-188.46888800582911,0.175136186217759
2.850357798511739,78.49506699475921,0.16348708918479998
-8.848739433854822,-4.06591324650806,0.24016719860419328
46.413108038397866,-84.41022410321838,0.252624855705699
5.827875381028358,-341.29795242825026,0.20841459538996682
31.02661770298981,-262.20404417808265,0.1936966122278075
0.5047550627313071,406.56515144992574,0.1924483744854804
-17.901395731391332,479.3834210260508,0.10196086302509064
-7.987121652898704,106.4151897419183,0.19225267847161737
2.9934836694406437,-4.978697143249363,0.20738348975766624
4.869716020742307,-55.14363361371557,0.23908860472134286
12.75699592823418,-103.60790014067047,0.18461746337112905
-17.3930792627503,129.85403779981354,0.2101877685162386
0.9261399505435995,-76.51914693271043,0.19489071883569856
-2.90146341396225,3.5138089866588453,0.18370753969564668
0.25892037466180917,-304.72926370760047,0.20370614462035466
-42.376062674077694,-188.14027826978958,0.18147299876611817
-47.418374621795095,271.1103081682792,0.2296652669501229
-10.949135299664212,166.44832843577925,0.14866515175163128
-31.261338686043402,-425.84720734814107,0.23153836522439603
-2.019358331968846,-176.64534973881422,0.23303787741649049
-11.456022955478478,176.64398464736772,0.21441922898858531
41.99482494951151,-443.1557510208018,0.20793735747167916
8.708955600326147,118.938938919013,0.20209534649488092
-7.781817302787899,-118.96090705447178,0.14884740695613055
6.889658713913686,-1.8662973644930283,0.23953616718321466
-26.388096474302415,97.55370859887952,0.1640051894169376
-3.312870589705432,186.1641741813197,0.2602151299402474
-9.15399164764179,150.60399406049876,0.2377693227194908
-21.177259422754968,-238.19335393979117,0.18437224829387497
-27.843910669087954,159.60817910944007,0.1711443083781455
-27.847395562910208,-65.37839335639895,0.23822549358169087
26.775308704299782,90.81669043705774,0.18696445134761247
-20.24404900026394,-309.42178271518975,0.15941354415048611
6.03367357037998,75.43990584116452,0.21664605953270918
-11.42170850114988,-35.435129788940145,0.21212506783766977
-26.049317749252893,-468.84665846267995,0.22451017382156663
25.53873458749699,-76.23228092204128,0.18883506309744555
8.254570998343281,-335.81753282397295,0.2890897381989473
6.331051087985027,37.91972685446383,0.1238894759397576
32.1044437688987,-65.73095247357601,0.23596185055225044
-5.643468648307653,-80.47085990823845,0.21603503255959383
-18.05281295044898,75.72144841404204,0.23448449314806513
1.264522826199785,165.36537248117935,0.20692891139210096
14.703807475011562,-33.44854506534104,0.2044684686954668
17.496586616592296,186.3257311723964,0.15638418268544077
-4.48600067069446,178.21004154008935,0.213773861459653
-5.859269657746669,33.749017293942636,0.1451865282248387
-53.377903025345304,-139.56671747648022,0.26976905381511584
-19.382009230870906,20.98934479888735,0.3106200216019327
-2.8521491371188694,-63.39323968428033,0.14306996226201293
-15.805297187644403,-151.85454638516472,0.25190777768726885
-8.314426094387805,-134.79916084252312,0.1929685357096495
0.005098733601333737,-119.95726489765184,0.32781819665382794
-17.944574607551516,137.37618517278173,0.2928709407571065
15.996077644572255,251.99670369723052,0.2376067593878852
12.944579871980231,-57.61281318689009,0.22604269116148384
-4.053607528959464,-216.26990857790562,0.2071637701184773
35.25974852507135,-298.22847478901235,0.23422662486368906
-7.369682875891627,338.34874121852613,0.26243669183500035
13.35845762512527,-561.7076475809896,0.24381444487945436
-4.64579147132418,546.9254416226546,0.1242644712412817
-5.381171100963302,55.49156551766081,0.11677587326553773
20.444624852479215,-197.90927613743696,0.20299940901216057
14.097162207375982,55.28370218717902,0.2224778654202151
33.17749660776268,227.22956730743485,0.2401232073280624
21.836331968649233,196.27887449542672,0.26640917384183616
-9.322651929922822,46.85447364089669,0.1355573340032646
9.74694486430608,-340.7950016072853,0.20257221187564248
-50.01453960847762,-113.51510171701081,0.24062894977323973
-2.6400905026396333,-281.4130348969873,0.21695287722288695
-7.324662444467229,-146.86217689784843,0.18937950162671702
-22.423191681239807,-92.30741806546956,0.26636493311724574
-1.6047323905146749,10.4231982568728,0.24745848500956463
-15.120998074418166,95.50560680959764,0.18314304607884216
25.481396596979316,-217.9665887366589,0.1522198834491695
4.609071706914668,-144.93884756832486,0.17381112169377516
-22.107912869616698,174.24093266983846,0.2438357414038092
-17.00783660959111,170.24087085630705,0.19566259930543098
21.02659182582513,177.00844739482028,0.2016936110236583
26.497132900304912,137.48416904744406,0.22631257243979783
15.667071199931943,360.9366657407554,0.2651592312340125
-22.20951914058253,-160.8563367947309,0.17297851947283793
7.757014700086682,-184.50224711082595,0.16141301535470204
-17.767939121119632,152.8956975478032,0.17500395605707472
-9.254112686299317,278.21051428130875,0.227140772568783
4.342238087182963,189.69935529076668,0.11225557011980036
-21.672106123621674,-141.5961578883504,0.1620444598013066
29.149322115944276,252.8810038940663,0.2387606816964344
23.649295014200554,-99.94844138899727,0.1739075138208575
14.31994265744278,-10.388432187160248,0.2388479835763538
-2.6722519289603293,-91.65571685232158,0.22277044307745997
14.835033192393814,138.09248087692117,0.22356591880951493
51.232717379391616,-22.160205982707133,0.23066500048477478
5.66115603494389,99.37554548860105,0.2594816825003393
12.715773022731051,-204.85058068581822,0.18936219046126376
-33.33938553546992,-331.4747695568101,0.2279334820167762
-1.3860768927301594,-168.53984945662577,0.185042356125036
2.1198742579020466,-201.94815561945566,0.14728290618462625
4.4611584648905644,227.14407492119548,0.12928395871617576
-8.95243130488509,-38.045204871225486,0.2870302555241528
-26.50159142666494,-350.7287438678227,0.14627564334460855
-25.928621186243042,-309.8102018347295,0.23953657645554105
-2.5429519524692354,-24.44502121591868,0.1748368676506733
-27.380170892039295,43.304054261847924,0.20287946680636224
23.16572776269698,-361.09230089063357,0.17610335429903098
8.638628314191699,-140.67951743039478,0.23135923177043569
-6.7543397011453585,-36.21737659348629,0.13969449906076375
-40.43795334161697,-142.2340842606685,0.1919817126760109
13.295032745322906,343.3446412367576,0.15196231585425535
-29.78706475067312,-349.4461766095279,0.17737807778217865
12.58902640656803,-190.5649704866481,0.2644021063520679
-1.35857944555192,442.8655223033135,0.1687072974057246
28.666904996069213,405.2008585666921,0.1539382518272638
-14.290538484652696,-102.01704404885967,0.2651015907109665
17.783093374458655,127.72653608735602,0.25840472688497546
7.769651996163437,198.4296559356823,0.23504173105515908
0.1742882198157258,129.47783229982895,0.21706847024841291
34.11527199556178,-19.44235401436753,0.1828403147187103
14.71236887011041,-159.9742385496411,0.1613046481861282
10.575191499513794,80.3126875106863,0.19005261480040925
-2.561899171120516,-47.88891724724689,0.2071926717806253
16.716952149471734,-163.1317167937781,0.19387755595391995
-27.276292294785026,75.13115010191237,0.16888004109846794
0.8622395972215569,120.33944588225867,0.1297152676857915
18.06156737523197,-89.37912917117373,0.18360925239827322
16.422386517324263,-143.20715042593977,0.19145576690064414
-11.88312814122247,211.7382895038784,0.2810676356681642
-21.130970410429594,-55.05769768713795,0.31463259398666665
24.07710719414361,57.302290108240705,0.19749027726335505
12.266172188708946,315.2536517811683,0.2506485085242526
17.310531366416924,199.68570506336155,0.21757265502300566
16.94610935950855,-103.87891780914167,0.15425401099813718
4.2220678261380655,61.22607599154105,0.20906052437471748
-0.5079494723448894,-11.952157374516567,0.15708321182759355
-48.781082546660045,-362.3337056962573,0.1814874756198469
14.582971259353547,-97.00702907912465,0.16784677030156858
27.626591170565426,-72.33346809647655,0.14683503469280465
-3.899343548298712,82.56548588087833,0.26405202590765575
34.297325969629505,68.51502701454,0.21576342690853065
-2.8043107065171275,83.60410497025133,0.27989243370055955
-14.264941575118733,-84.69742979660893,0.19356181173419426
-28.80347856219131,140.6484445659221,0.23776812124767044
-26.07509278859657,-168.2528306573682,0.08057241842484622
-16.882993522218783,2.5309237772111395,0.21931431813610414
1.8484976365147476,-148.1836236785921,0.24374458235825305
-16.67682018942227,-266.8941693136662,0.21696371443532317
-25.64813983076979,-149.23881165212325,0.15563073319340315
-16.549737544226527,255.97667686878407,0.20844721470901942
-16.942874753165967,-271.3752969468353,0.20979405377334415
-31.460777488265293,59.2710219891627,0.17805955269293222
7.671145654962536,-173.23946366786595,0.20855752320443388
16.450091769423118,-33.57133788660453,0.2912404138683905
20.354216893360928,116.08704369106798,0.22556881379688237
3.0305349009445672,-120.49995780226052,0.2017074914965693
7.122314666373558,-16.08417151186323,0.15165288594308296
-28.378604168755754,39.37007652611977,0.2522427167142325
6.317283250159878,-279.4814544546386,0.14638050920670956
11.403440103054907,86.43791940329778,0.230329115424729
-23.655994663092464,-7.707221296239054,0.2509291013405641
23.657290126883886,-64.25491098670211,0.1876648787796827
-16.02459439064283,-327.91176254149315,0.22029414277351633
-5.6484722161076615,13.213206254661939,0.2330664229321609
3.903284603103015,-239.27731747529526,0.22331185263173664
-18.197350085843176,-61.08219059955854,0.22392168042925437
11.635274515156606,-9.482950306309355,0.19818910488863448
-22.95981754553231,33.7022101272379,0.263398584647994
-24.450806821775025,-226.76256021636627,0.19554436150136142
-48.58881865636122,116.88279776954806,0.17675292059801953
16.740244095676648,266.6376831562858,0.14882100753589145
-5.0054283981909355,-187.6302097492152,0.23289389916242004
-5.255644028157062,470.0624122761746,0.14324277298396437
1.2681117909041093,-69.06900595561926,0.279585856197168
-13.374466757929309,-133.36276934228866,0.20024657169865673
2.2083588402703764,201.33024553605802,0.3073803476450815
-17.887798235020682,-9.006722056938761,0.18909864081503577
7.209147637823191,355.58944755214526,0.2970420824297532
-5.563419344618351,437.7065917400977,0.23153003620522283
-42.31285231478509,83.50153566309419,0.2667356388796496
-14.977537559235719,35.871132476719595,0.17660513515620616
-10.276023871643199,59.02544619156759,0.2594590419326348
-20.704979353945273,79.84831979969216,0.23901219693567002
-7.038466420762689,40.81188717939617,0.23318215468444414
-24.961186604250845,216.2072295840909,0.19746180218235612
5.911690085997731,-109.63303151859685,0.17885819993825694
-12.635966032226442,-427.3802818514909,0.17040054040620403
-8.769660991438187,130.13395144746843,0.18969325026327313
18.529472548490627,-163.66527065861519,0.2068874264556596
4.620487853929044,0.25375485362796874,0.07056242660034678
-15.213773608653973,-245.25671266019148,0.2622319238252248
-3.533115179174469,-220.4055648736358,0.1657431599510712
-8.482230321054361,-92.2026382538085,0.21380591068301052
22.84286658841377,72.14692570695006,0.17589959026921423
1.062984465863301,-172.0676319370092,0.11542164029964701
3.6657261384533464,-227.87494641793668,0.10573253522272962
3.753087579256696,39.7821783818792,0.24200086580089364
26.106474086196435,91.34423824277562,0.20371089416138444
-18.124513338910027,-81.24755007890316,0.15615781399014117
-11.14769208658018,-125.96320387773865,0.24848919432401756
-1.6905380400458203,-390.33286139112477,0.14697153649866174
18.51115852433644,-37.1992071839775,0.14143538649812304
13.255635134045296,52.059384338537114,0.21460395530713042
2.111382968849158,57.90808628711355,0.2862460529546714
44.12480611657529,115.562213712127,0.21381408825070997
41.65705172340684,-354.37615690173595,0.19021040471231074
-6.647397491462609,-422.19234288098323,0.19250016283571345
18.475010426627506,127.65513749688463,0.22343517816014474
-18.269061877053367,-165.0125507184329,0.18547910798152045
12.542503399702735,133.99193741539955,0.17894667666543024
0.935436609883543,36.61157617608334,0.19924489906789167
4.267883743820178,-422.3622904982255,0.28846237530374497
-18.735777203926286,-223.83397729231405,0.15235250301090067
-19.21752762363155,-16.60800591284374,0.15822894681297667
-1.4327119368729933,-62.50479068684226,0.19716326574420015
-15.43734120617383,-82.018179550601,0.19167111251895466
2.908292338524909,330.0269075368482,0.24738554046846986
20.703568364784807,-46.02852100821708,0.24674449231610338
7.544617158320621,93.87116391659298,0.2756489255566649
-14.80930924390173,-34.848154590032514,0.2484578746982697
17.115520194630154,184.0090640668893,0.2721466276475155
45.84024523577434,-147.90162679321756,0.1980554842932663
-1.6871703308055808,-134.5762012288031,0.19768993126483514
-12.513504924074535,116.04100764450595,0.17459162546658835
17.40923333352872,-69.57379870788117,0.29881480911293073
19.473866728264642,451.51707477939595,0.23438241022047362
-20.592154136364663,-171.992776956553,0.1784522518871616
-5.489608151380784,-265.2306528578868,0.225005235103859
17.122887601724464,-186.45094437575156,0.2309652160431469
-1.3246721574794975,-164.86033174103875,0.2264968748397462
22.3760862641192,-172.1072784455674,0.1958701618034985
-4.923662948731154,-327.46156750866544,0.19390272054259336
15.373482773827336,-298.7252448167493,0.13551678401918468
22.43477441855846,-7.271029969101779,0.2823558270403081
-12.832561813673301,7.676866296385558,0.21635216476300576
32.96092340547206,69.22441357421224,0.23719000112672306
13.523505423781408,-88.21338091333003,0.17024701416708302
-5.490216778193152,135.77324473889257,0.17610492102242697
40.67174114828561,24.290176238652972,0.2634173837260517
15.464720192512553,-92.80289768167226,0.20718234421358453
23.834683488136385,168.69528154264174,0.15891234871973123
7.697790512693801,255.19288350838855,0.12084667756292788
-3.4701275004568783,88.89284863972318,0.17112069543176664
6.544132665447374,-43.98623125595514,0.22813561586996536
14.777951613161997,-102.48936348074167,0.17673789930911823
14.697880271031638,357.83239211573255,0.2314122452199046
-18.987643846234082,-65.68633292953719,0.16107303521692828
8.304664817179257,-241.9928146098051,0.19179737370386257
38.29365151402227,-165.01301865437836,0.22453676861201066
-15.816082126932251,48.14756543061897,0.23298036935409322
1.4726941645981788,-156.54871992605695,0.12586741291519135
-6.219286032183908,-139.11984448717786,0.30747708811181723
-3.29949197780621,21.41904728717905,0.2501259527192963
10.228166212485245,-175.31012460194967,0.1224598328688158
4.908362187993039,208.32825439247267,0.12046201226009681
-8.311492837191771,95.35617031777906,0.23433068121444725
-5.39332738636383,62.84578178817043,0.19163651550338962
7.330265991047019,-50.46511507356406,0.2106655681133395
21.98182842310215,-245.87687306173734,0.1961973814335433
31.3250195795813,267.6932256425144,0.19306214252786555
-10.963407638955614,-88.99485470965158,0.22154133985523672
-19.693429605001576,-92.10551757282293,0.2173900542665823
16.128874228398786,235.89049722873287,0.16567542258442486
-5.427585529225887,-196.3739070068633,0.15656612969221415
28.944178777602204,-21.741610077217082,0.1905261444853853
-14.169544791521094,338.3931078500852,0.2124032043726202
19.184331262718892,103.80006047248243,0.27784491631038694
6.3699364983631135,-206.16620235209723,0.21539207258327964
25.94900865249679,92.06671306714247,0.19979291658474774
29.793799169501263,329.3206765436834,0.2189918172729921
-14.865331214165652,-492.3391550898411,0.1820459201208888
-34.21699319750793,270.547453512784,0.2331266053937524
5.588692821389993,21.695470834132024,0.25797266584607365
26.356602560552314,64.82932720375439,0.20269436992149084
42.72697331551313,-30.873198690758535,0.19328762263646035
-5.506834834569272,28.986589643781535,0.22576833708298616
-10.072889427804729,68.394235583424,0.1598701619925617
28.83208427508785,-367.7939488548904,0.2684764448746101
-21.11313829773898,-110.90119173915024,0.24438528312320346
15.96114043154644,75.85123816713781,0.229505097469168
33.96938965549004,-52.51601065538305,0.09695468956616993
2.658133610714888,613.722820999414,0.17381569413666964
26.844646234031977,-390.5864534622685,0.17941575272908894
-13.79074124922488,353.47446795465515,0.3387953046547484
-2.370736185949675,-21.571087302570575,0.1635728867024496
11.423454176181497,228.67383048546554,0.14677812548064367
-13.244362304409869,-232.54378204946562,0.17870871330600732
-47.471379253086255,465.0698072234628,0.19016230555611574
-10.382687455082479,-37.88687211915259,0.27804702185546104
-3.4921699884591577,224.99205452954865,0.2527197906648956
7.35766461859932,-58.68532313536945,0.14186584151266834
34.46769194634379,675.4138137754319,0.14394934316229782
-24.683751801594724,5.005536171427991,0.131738099228294
-7.012644786120454,-128.1564293732137,0.23086834208198687
-9.615041966919495,87.44158285392325,0.26334563024822855
-1.25556088824914,66.877184550439,0.21066726576107603
0.4911643006965693,-65.83828954711349,0.2239196771129947
8.057607721752216,-283.60461323734415,0.21683097551407038
38.98136035736235,-471.0374530787048,0.18971904821609537
-27.347623933447906,319.3431744475497,0.2542638953293883
19.748353323227374,142.75690806185796,0.15500135472078452
2.8573075061132114,-67.93716166498713,0.2111369362781668
-8.94598230021436,-181.385315871432,0.2542457344282243
-6.377235390743929,149.551228549968,0.1753488740422819
-3.749751258507692,-70.96809882780141,0.22996576121125278
-1.211960064615891,134.90709488364104,0.13483913583370738
-2.077463381152741,-518.1115206407117,0.17964234040359048
-0.38716788137970165,-165.71886945352313,0.23104383975770834
23.39012932834632,230.64532118002447,0.1747354075141955
-30.222982376464486,-287.30266514868174,0.2027332428878471
-15.422722557237442,153.07288759985582,0.16347557676982555
-8.418712350993008,-71.48389702476793,0.22359792367219483
-25.22299243775942,-270.00622338522743,0.25762029392609326
-26.408172306987126,-10.889219977179392,0.29279354436738836
14.31807491670771,93.48069977337991,0.21194742816073303
-33.26680599391517,-184.18640277775907,0.18998268926635248
-10.548127528099958,108.0167862606886,0.18180731034003866
-30.445718333360293,-56.21454517255378,0.1795236559862888
13.42949320904841,-111.7520733588638,0.21701028497700584
-44.06380695569709,185.78045022187354,0.2665462967978464
-12.89514620003253,414.8803361895597,0.13517384660690357
-6.10646128110461,34.6948863248041,0.22025401916316015
0.7250966333977793,-24.804493644992025,0.2536625010813537
-39.5777787550173,-65.92174007717668,0.12764887955600746
33.291930793558905,39.656667640039515,0.19033391454791435
-28.21042544412782,150.00302345207416,0.20309870508062902
17.0621326967918,-484.10272889028533,0.18526386712984225
33.72017517666505,-222.01156242833568,0.20971174622339073
-2.710037936466201,28.636316572108043,0.12076872738937046
-24.27274989281502,-118.1551745083986,0.20208881265371822
8.639902073352776,165.54679172164398,0.33509990367831866
18.31650940357164,159.4515747393386,0.19554300950712997
15.464426711043464,6.26236534014034,0.24139276252579792
-1.1052961052359618,140.27802379192778,0.15609103893353277
-18.548971800399684,-9.636546752648556,0.10523348405135047
-23.645565215264423,-56.46500753407062,0.2101766293515665
-9.660461083724286,21.326825736163865,0.17229700448693405
-7.914554728079471,-212.47883415552855,0.2526281994834047
2.008078044009417,-27.868152331420998,0.14744489875009004
-13.290007380136972,157.7980219750007,0.21071267855342904
4.7214714128713,75.37645652367193,0.2663897567713849
9.069359026018498,157.97697373161085,0.19441452421033947
-4.107493039661379,-215.79764255256788,0.05890956422928953
-14.983261534993204,68.01960031661459,0.2049228239517594
19.121247289669366,-295.38727500732966,0.32416416968718487
8.536110104850614,-16.284683641678424,0.20681995710032194
-17.68003971807709,285.91639275439223,0.19307949510107375
49.02453751517142,282.14782632948095,0.20323310091164762
22.149281288374727,11.90186007119368,0.1346382514450099
14.977886080296102,49.132014641685515,0.2304477502755099
-12.574346501353016,6.7016618933438075,0.2615841116356324
-14.17379195049488,112.79261010234683,0.2315668931749421
-40.18114415974232,73.35827614694031,0.06687341198487493
-8.45567513323471,-238.19347401644123,0.3051542343375195
-10.859811517640889,89.10469722438631,0.17425220919963214
29.858295010701383,241.47389411006662,0.22471053697069993
-16.10663260895513,61.675397021628356,0.22760585648195467
-41.29394411620217,319.94401108247797,0.20304468155901687
-10.601289790138829,-85.41518087719649,0.19446000139435324
1.4733774292615378,-226.9776385507648,0.17109434059092157
14.048199296214017,313.5844928101592,0.17002912244485727
17.012004802207738,342.6533435545887,0.20136180624987562
-35.80629108908668,278.23648124740635,0.08920527947106427
-16.96434224358413,92.35938907397662,0.26454183147747035
18.903728069106055,59.17462039773251,0.14624805985283806
-8.72750360161009,118.72236879721652,0.17197827693318843
5.652655070368574,157.80734669833546,0.16473536479200185
-13.956178147190098,-54.98884447811021,0.17541368626134068
30.159127386528443,-232.7530912427286,0.13757490606280023
-19.02111117273687,165.75825747954167,0.2604004561008175
-38.26676118687829,-105.39040806234257,0.14229579056559413
20.204763367856245,-211.73212771457378,0.21170493801759016
-33.655195056580666,-327.96142457127985,0.28663228372399596
-9.754186220089078,130.3918924728158,0.2351926403151986
42.75723535174714,-3.2960153092834092,0.1988781590385562
-14.494112356157595,33.072470653077865,0.16497937482485814
-5.097311645791819,-15.80604185390309,0.2649294336503627
-23.658759441462283,-62.53256428218139,0.21038488586857412
-37.55130083685043,-81.78509892390873,0.19574086420910605
23.548686504224857,122.91767220886432,0.21360359346149235
-6.207871416069292,-118.91646744939675,0.2529464479625743
6.609616611154044,57.109098382920244,0.20410101805977007
-13.91100724826754,-374.1367959040993,0.2451283783568191
-23.06400526180832,-93.71192504608634,0.24868497864408567
-24.14666220862355,-124.2854683307683,0.14826663555165484
-12.801250027613868,269.0479655305362,0.22917257254131812
13.829785746770556,-134.93215883920195,0.18009743139697504
14.164719427685014,-190.52652037536927,0.23355534116649815
-16.385146897716623,90.45457417248193,0.17863304423564386
-3.3356454995359957,-116.62208920584104,0.16998715432449296
5.952783877372064,432.5699015508658,0.13594382734465377
40.18123740719565,211.75518383222663,0.17234084731695956
-12.697729372954074,219.43200660747735,0.1712617849220585
-2.2573548166025805,-256.53282136250357,0.20433317545703109
-7.799156896727284,1.9265891517103249,0.19819318170968964
11.457657245929978,296.33203541390753,0.14821348110324384
16.174880974454627,75.4606993282819,0.1322796171256397
7.694079322793575,-154.50851249721737,0.12291533711215549
33.57523046973993,-239.16390847977377,0.14043611371079362
-3.415963518658705,16.941759860741524,0.19723594484572715
14.573044235032725,106.73278551898544,0.24138854167155643
7.620410075314062,-248.3025905769696,0.2751414825634402
-6.898408683710001,224.5527696330504,0.26896121353920577
0.7289647749536221,-62.44592425352954,0.20206500236750274
-48.905092022156296,37.844530268235324,0.16861358100000198
-0.7847509966424348,-212.02190188506643,0.2088881957122449
37.573835435952866,-281.4311178084969,0.10149595845610335
10.082875773485577,-150.04311713169193,0.13089162937558046
-1.9614617602276252,-199.95084861030338,0.20779369624254018
37.649384852193634,-221.0538607135981,0.20664802004460925
-12.063512730267043,-49.676974761535774,0.2745935901976255
14.222586648395128,-8.918131470064457,0.26232550640264257
2.3682352899580663,357.79404141017693,0.14582866652785847
-14.671364545424604,-109.16357936356371,0.19592650901983308
28.600466829044777,-36.89825225338891,0.20568746383309605
-4.838765792291366,-263.4996703756366,0.23104606973179592
18.49834760165423,-489.16163562953005,0.21842046795662085
20.595824979725194,171.68177751467272,0.1663955807976775
0.6066179484833999,139.50154611631848,0.15240221403272147
-11.682897051960126,-232.2194903111478,0.2434571317800521
-10.663823287701913,-4.5781179770889215,0.14303437437646221
5.517646279210661,-79.34059135220235,0.22987062968689834
59.69067340489041,-161.29957436675372,0.15574369651252173
16.10680172105674,10.531674172625156,0.1522335969859113
-1.0980198970058017,-177.2942094267168,0.22324546793445796
-16.789062651629795,96.8346843807124,0.15208846395852413
44.83184602441868,-190.4320765408767,0.15897406832545302
-20.053946184497523,-49.13657548548323,0.1789625357925245
16.12856784165458,99.76074102099363,0.11747308054035258
16.90216735132654,-221.8698177016698,0.2495358798874195
7.941547693054033,-399.30942490592633,0.1562492270155914
24.12721827746845,112.53646874610368,0.2255093801130948
-17.707524104683255,-193.48780073093104,0.29530407214079674
8.205381232013025,-78.30979310050341,0.2405030251743206
4.489455071557057,1.8661681213647623,0.11183969835545528
21.231614827038754,175.38840359448534,0.21527844155671816
-5.9712365446957,40.288340496976026,0.16143976531143633
-14.613482621158786,105.20217342567106,0.2767468071164065
-3.471704707908046,-223.61437815776276,0.18336450669260287
16.3152365546344,-126.11065462475963,0.17327610339951524
-11.22567113471417,293.6123113034511,0.1775883546100861
13.619983398743301,-157.37869212634786,0.17855480219634065
3.8550644662433307,-222.61138607002346,0.2574231058731099
-26.651599881281044,-83.94286206888452,0.24504476693746066
-14.037926569295788,73.22412239571052,0.1634425401642564
25.28790769572526,-15.607924421646011,0.23686154922064045
9.526023361847033,-42.186311543539965,0.18965279386441183
-7.049715325382261,-12.84294880963908,0.1807530431035575
18.996797775374596,-2.956945071619841,0.10673847134643555
22.89892464109892,132.06620514801992,0.17841696362087722
0.07087056927141977,-56.3190436574304,0.21145632295515218
24.459487450874654,-4.565373231822453,0.22686241589461445
4.084825692884039,380.1160384591837,0.22744908314746684
4.539654704799635,211.7189663093179,0.22658759927415498
26.127677597448212,49.99967192543334,0.20778990806195466
-9.808007245423655,189.31172194658558,0.16093896487979373
-2.9413380225248655,-96.7112254859545,0.11613816677780109
-12.799344985679419,43.12052873401124,0.15162996367921605
-22.31005406439933,145.1407431114332,0.20273509078838722
-5.535699432799889,-240.3120796742995,0.2521042118765928
16.666225767664557,10.988344151778948,0.19581367686932283
-33.04252231173009,19.09713923549421,0.16358153747590887
4.272322313839569,140.98404072913485,0.21166857032406883
-34.71294928157149,136.33908445745533,0.3007409397477389
12.903290502227467,29.768358328017648,0.19965472742927665
-42.271577594265715,253.61733570589084,0.2542139255856591
3.557188513155169,-106.49582399334885,0.13114183913030375
-24.72337048976221,264.156722358413,0.15202909374338236
26.590192165692088,-106.43278581608801,0.22677743914842713
30.054645113876468,197.90529754604043,0.142855814818867
7.126313257871159,172.48570311640728,0.17213245060832982
-30.922944041026685,220.68450420675617,0.24028100872759622
-56.65100972003229,-117.43288651381538,0.16754595472853767
-10.601259745966601,204.7447071706528,0.1856559610578675
8.327101054868374,-471.17561350790777,0.2063770729789489
28.163890487931585,-9.027920752428452,0.20857958736243148
-17.409903887350612,228.06903690647874,0.28387473265546487
-3.26047034832012,-163.00662465990433,0.16791802107450082
36.91510687600599,-166.09670345811554,0.2869673316900012
-44.99880014389674,-274.71033235699394,0.23788362755546824
-57.76312691407709,-137.84199574479197,0.22405249167936628
-31.388256519087957,326.1622547526308,0.12983906945868345
26.27699720761727,-21.076020799157792,0.15337432998283923
2.905874063599442,-13.787972086227478,0.20307978690778977
-23.74765864527776,-46.17019384427207,0.23466062331590448
-26.360152536191592,-121.63151152037133,0.23268697588266013
26.57574598232059,274.45277417132746,0.11109728358592516
7.588806456732248,-170.75778601826502,0.23886340876962203
-10.474662574463675,200.46832238552722,0.21861908912733324
25.349304249994447,-93.94716651039927,0.21170160383475406
-14.143386947012571,-29.91886655296207,0.16011420450836308
17.179512326099843,-167.86685389495844,0.2505938577805968
5.655826748049475,-39.2109817700754,0.1623797350102219
-0.1956313693162062,59.59760136651976,0.20508574980563166
-6.471639259607514,-38.51168573893724,0.2537790673201851
35.60291171884829,212.83803316235637,0.17205713341199602
-28.828835348167825,318.3727252963383,0.1059876044846199
-5.269164913416194,-29.627675182315205,0.17348445244992486
-23.610270497110086,-238.23380174750076,0.2509883306363424
-28.983123384654203,-136.11223892982855,0.2745116628063268
-16.452555471707132,20.94910474895244,0.08432922462021207
-37.20043534375468,59.5276762499026,0.19465539606627016
1.0346266807859403,-451.4136787256927,0.19016901080506013
22.114271303238972,20.550251552042493,0.17254947841116458
-3.5524698815858393,232.00710898801157,0.22540142017455328
-8.98338728372302,88.76387284349842,0.22920513410302867
24.884594980882788,63.43731103937933,0.20126879960044444
-15.677041629079177,-122.90336471563627,0.1511289926587737
-19.143812808822997,103.23027401338673,0.2018627107123574
12.17154898541984,133.10794291984053,0.14407992035522138
7.709331933553811,56.79985898764798,0.2304989182153055
42.945295138115625,-105.02322000877231,0.20855852186254667
-25.170173971836427,-82.64994575071086,0.1993885125418117
20.607935354521196,54.532354441931965,0.12469835621194444
8.58272462403384,-159.08704538166123,0.19441819094431756
-6.221959744004998,-112.89799246483727,0.047369998281960785
-19.00928176078893,-286.2311857700575,0.17083291281900426
36.56181672017847,204.95748359480302,0.20901397256594945
0.5651109638648131,219.3998005797561,0.20043454225605106
-6.74442457607573,-195.88486799686237,0.16210297175002575
21.632236210587426,-338.8819471979502,0.22646313447177427
-26.215554708061685,59.33780822146152,0.23546610402257154
-4.249692606128027,-260.28206107773264,0.22973396806759022
-20.08808367840014,249.96843804732083,0.1920565884351227
-34.98357931712953,-18.610424203596914,0.21422055412580238
-16.377911691029258,-75.60130052619076,0.1930344936843031
-19.360083145920413,143.41834907392268,0.1705835901263465
17.3099688712296,-71.8095405098078,0.17290793319314346
-39.271672396493095,-12.964538893394867,0.20621866227244057
31.77568384847703,367.5940461103365,0.23843177663769702
-2.9051878523910935,46.43496043693586,0.22508441768145865
21.09084467948695,-1.0501505268244626,0.24124224737225922
-34.6992904187926,10.124729845465211,0.22328157164027984
-7.545229133498931,39.47727970980336,0.1198911756638448
-13.531911857468373,-65.41643873668512,0.1753104923363032
43.67031415795922,-71.90042115297915,0.22520616214935657
-17.341701128803813,-336.0547510305786,0.12692121109768773
12.219738981371147,318.44063318967505,0.19157801435916666
-8.644934933490315,328.8675789917321,0.15182703091577293
3.066512056265163,-287.04324731460196,0.1951140826721941
25.62500646194026,133.72740039756818,0.1382408289314639
-7.613502947110287,54.0880186855083,0.2322568617461789
-28.35306817493773,-41.10538101563036,0.2704123640282817
3.8391653410866726,251.9264548474076,0.18368662197943605
-14.066986818100418,-252.45322552842268,0.17047406630865786
-0.6208857774667816,117.66846217951326,0.23368238206146646
11.429342434807229,-141.04006414729645,0.15047724028219242
-11.324238723530284,-126.62876546949391,0.19297508564738017
-43.36918467366169,-317.4019531593994,0.2530478719829155
-9.20150669544945,-169.7334724403051,0.21217319128124204
-5.217807910239937,-220.8432844880138,0.2686828094731383
-17.06567108501453,-62.493729805837326,0.14586327193489282
-15.131954439273157,0.9884845744329682,0.21941347129217326
13.125148520336886,-15.07280993323305,0.26002902885681145
-11.686323777852387,36.266970266630274,0.21261828054136223
-4.3941315978078395,-129.41836679609423,0.17491380454987462
7.66468575142246,-76.73923527034545,0.14177248489661087
-8.7895021771966,-86.37727660591979,0.10181847016505147
22.20727962611821,-208.75149376134044,0.1825502278168326
7.227691432484638,-470.0026800617738,0.1897271197633903
21.459842530151228,97.59805559064448,0.27682615715637626
1.0583477719997014,2.249361378993213,0.2971011829564646
8.439176204770705,386.1428008601232,0.17037040306580264
-25.967029321642606,-245.35337269679957,0.13627033387668686
27.047536924162348,64.19333484108869,0.2206558374212465
6.124494259341393,44.58184391506955,0.28829928308633224
2.585868533649985,150.49745224246755,0.28272134098227186
-14.269700953157685,-278.1756817429654,0.21572822564421928
-6.251946832729811,-7.096227723557652,0.2667229342659795
-7.747171880197267,125.15109005059935,0.22776300546335115
26.4541051362265,-215.95169655127262,0.18645043551031099
25.769258062183486,-112.88279722511597,0.2167499566642762
-18.903873231721086,-24.027799742168167,0.17403825712564572
0.6405915049496826,41.469822577447346,0.27294593217948315
-15.818285355967676,-0.562027666709174,0.17331675140822883
-15.20773634227335,-196.1787642043043,0.23370219705640383
5.249381504338758,-303.5830101157931,0.2181720441583825
-1.2174760584277946,192.9718693309765,0.2132034221919138
0.2513565697536553,96.76522311725202,0.16139479179638822
37.63496222009649,262.83674006890965,0.15649992970616142
-3.0853944269666433,159.33216282339305,0.16960277666295545
-20.65509067708237,-159.9724797595379,0.19189638612616275
7.11679702418478,-278.52436545516395,0.20229754628288582
-10.203940048242652,275.07839253336675,0.1518990973588298
-12.202829825565026,157.25563184588768,0.18460009827426443
28.840830377452406,105.49071548623856,0.24924408299550935
-13.555607675494613,-268.4360592536408,0.12534618970154043
-13.716681685165122,120.68495227934888,0.19133347437264173
8.515358990807654,-228.44606940361055,0.2299774518842363
20.174870122888883,-235.7705573251757,0.17536799826492078
-9.548790250782696,-127.50319839328816,0.14330995771052285
-11.606741068163657,-138.20662678222632,0.15984240167508296
-27.67080036837131,201.67913757754138,0.09888591623882781
65.33867692691527,193.87455864274543,0.2747211708759618
-35.007483489493225,157.27592802784883,0.17913721511612352
3.7403154392175333,91.17765960955128,0.25563235459867634
-8.538238452167187,-3.7334767524366304,0.16885708095619795
-10.405704863773487,-5.743698818031621,0.2931468008177969
30.67064303319237,-39.44349789608205,0.2161546487281625
-9.394215819516324,-173.10868767270486,0.18599834308490512
-5.763515217616084,-231.55669433179762,0.3463463346245541
22.256536334981128,-214.39019185685277,0.16636166086701237
-38.79074591065903,-18.191668252376328,0.2588192306846979
-9.630190408046822,41.04451682189478,0.17138255932171553
5.554442034098902,339.4707612470147,0.20412952563826803
4.921615686400854,123.60124677541083,0.19797852504704763
12.122737577648453,218.72151879089432,0.14545486197696006
9.256740682733172,-285.4356259341128,0.19130568932207262
-24.462549567888523,-201.51957339063108,0.2766083406958751
3.3373891720413047,49.56997020202179,0.21757539977131832
-22.2040574796613,128.7112371998249,0.09132966608977378
-20.457152301246087,-239.38138075328544,0.1591969438957497
-4.167179383015077,509.363049826825,0.16162796299999754
-26.013608311965836,-163.4665652241212,0.2346737931618694
-3.8917240487527365,223.4519916794786,0.22985313604019925
4.728522834925998,-78.78963579522541,0.1969014751880075
4.727886279406383,323.83947977443495,0.2821317332905679
-3.734460700489588,362.17232067670983,0.18237577048488962
-18.406339218701575,67.55297306085366,0.2282287485501183
17.697967388052337,-48.36203646180784,0.25593460477076696
21.387038752635483,99.86834967036921,0.20353774373696631
22.393016801960457,-180.1765284303972,0.22111739221113655
28.603567423928467,-267.3764957501743,0.22089035206681318
38.36617101048691,-112.71437060060885,0.20790196457127225
-53.27895163560164,134.11883724093946,0.17370659026934498
3.4489459972455236,-140.92460323860982,0.14452366273525086
33.49161261271766,27.953222903021153,0.284945256434054
-32.04312576336947,-261.20731945987893,0.1332432262009025
-37.12696891629141,-79.95040570307532,0.1952351684582773
19.12533700030467,52.24435763101931,0.2243292405345955
-0.12503407261226215,-179.8417186372972,0.15061254072286334
10.99291702028696,-309.5979915851938,0.30063079549638305
35.06011833686269,-95.29805871781971,0.16450351089073423
43.35702276074639,-85.56473158109699,0.13905535917383705
-40.49548456129032,-87.54840455153547,0.17274112466232125
-32.11245098281516,51.24295852081159,0.1686186681960441
-22.406209047045923,-142.9834356294001,0.22664412755354213
18.57057157843753,47.87654262327965,0.2035660065817754
-14.419730191467309,-132.99856704873318,0.13848572451779595
7.351618040038108,214.69561182709347,0.2497711089936572
24.828237361838642,-202.09462135205604,0.17490852881404764
8.057701573881287,203.19611779301306,0.14507691099607598
11.835888958068242,-198.75076103855076,0.21655828085282042
9.69545168492502,163.62144753836014,0.13297618742297276
9.62847653070101,238.91308875484216,0.2107395070917275
19.674839909096086,-161.40682878106506,0.21525340441800944
3.2665224081754776,-116.27822599078421,0.20364919510894772
-11.16341819518913,170.21632339451688,0.19593128966002588
-21.831482783329008,126.1375863449523,0.240901712009224
-6.519283664344137,41.87704361835733,0.16838852607464116
-67.44783869234779,-63.47975231466366,0.22384590855951966
-22.730891717716162,-571.8817364240889,0.15887872435843484
-4.307657106609447,-190.94705187480557,0.19000792661422522
-40.031534963431945,-66.36948268597341,0.17507895325973882
-34.92573294217588,143.9532713432671,0.20144904084989382
39.61456681260839,195.43124213436113,0.18593364223053252
-34.38831173210613,80.60635818088431,0.32271055394513143
-35.637518199655844,-194.2960271570899,0.14221830942492286
-21.80067747250929,-39.587295353363736,0.2277184949480486
8.805168713044957,228.35644807087937,0.2769051991949303
-13.952089816611299,247.2902661242119,0.1881421572344168
-17.109757543547268,105.97698948942337,0.1346173379023186
15.6253754938138,76.19342733251156,0.2189842765277638
-20.151019797911065,150.4249743427081,0.15846318346580196
-9.951095815053316,81.57613331251031,0.24868635535095218
-0.06260738416566072,0.8938581561131105,0.17676628737381428
-3.072414838140647,-94.60803777114764,0.14748634320937273
38.39311836577335,-214.17351876710015,0.13651881839206592
10.43638981582069,-42.176135816916585,0.17014509467051117
-8.129712770669583,-355.24551652915324,0.26765008025044446
-34.28450425568171,-196.15907980625067,0.24924166597324532
11.765156780078295,49.83783924582267,0.21215208574626324
21.20151892841051,-131.45500342518716,0.22673715338450318
21.0396039325949,-312.3034998433333,0.24399791834857226
-15.223923039605145,-231.85135422602391,0.18567146509427848
18.42970769043465,-315.9503309855283,0.2161684508675228
-35.59569627983434,-171.68452243541824,0.2014773237949857
11.193906737935173,-95.58847250954379,0.261809476698872
23.761356024192292,242.72315328546165,0.17174642661267248
7.508791420086288,-33.14527063997514,0.23621524110642936
24.38486692446301,-167.57284031947052,0.22046360871196094
6.107154727630364,392.69610351005093,0.1522624014092
-2.336615805000845,-57.55047697156358,0.21087972370850738
-15.366051494941171,-60.56177570463148,0.231475560075771
29.142224577541644,-44.49350260415502,0.12955797143705333
10.39521349199416,-224.8773182954923,0.22624911603850614
-6.1535154909925165,213.01754595821296,0.13977506424102096
-2.945293992913127,-128.4287257893777,0.20765540871993102
-30.099669394372654,121.98643662992143,0.19607327423742993
6.882812762976366,-111.82092700558634,0.15651650838672398
13.588894039540369,-172.48894623108367,0.16112564930163592
-4.258108838634015,485.8031576418779,0.15611432915010257
16.256194018746434,-46.64389516135274,0.18762402302690934
31.266564137537674,198.23070968959362,0.04314910011617096
13.815348646278574,-124.26638351959285,0.18599727052827958
-1.6051267301005314,181.03372618228377,0.17475953130951108
14.410796960998066,-45.248044478201734,0.15821984287832494
10.230713291131046,121.25083811221214,0.1367729829472863
-8.390649942986958,-219.40017917740354,0.2575227776892153
-0.3494766961969018,167.7263860134645,0.14724033985154272
4.390048661985694,-117.39623215687641,0.17456913036176366
26.513509401646743,-53.06262609441711,0.18168048755301736
28.18701170433163,-133.8434610324497,0.24684911095589615
-33.37405723022262,166.40475496441124,0.20662780684191298
-10.088972508506043,-113.86052306883823,0.13318843580874332
-16.80914190393838,-140.166023384342,0.22824935704308896
-15.436606217458992,217.09265463556898,0.1542852731867424
-20.18566615161027,-202.40179792810596,0.16702317279981624
-12.798314319362778,-93.10441203672481,0.3016354404711496
0.22047507593916546,-404.84641416648196,0.233230967687695
-22.481699855796357,-252.44324370819066,0.14714051943351947
-2.1449598607547844,76.91013351503801,0.20415737111491453
-13.372786296965247,302.43398181131005,0.11986404226273774
21.580204428504047,118.67764990411129,0.13543129732062809
4.873116923548908,57.83297475952946,0.2065530325109894
-27.05748537229711,104.37766792784566,0.19543514104032858
-39.479763439201655,320.99478320257924,0.14000283914062295
40.863149109218135,342.42452000285175,0.1943340606160021
23.492027922562322,242.60653393690833,0.2621141351316755
-20.28271587565242,222.79388287075568,0.19012388299445257
-11.53542026498454,-180.56377455974345,0.17387703407746372
8.427559350842529,238.02591089246107,0.25934108577225434
-34.56010270379529,-127.69528538873712,0.22672722404065937
21.609277413516132,149.02998620319937,0.22456193856374587
16.44393370651756,6.8367158081270984,0.16613878254392905
-15.73541961618649,124.85949809279712,0.22753450577089257
-19.11357581883671,-397.5009787315566,0.16979337238668163
10.45472357506377,180.59405308083933,0.20544931710615325
0.9470000473099865,304.1209410613777,0.17950454183434386
-3.440184779544605,-147.90839964206,0.08496978775274662
-51.94462443792677,-458.65944499490416,0.22102288703206993
2.8250841833742846,214.2286314684001,0.25440998596169156
35.45483566785947,235.78893072646676,0.19481108935663496
40.759971945540755,-228.48580998724634,0.22055340577738225
9.05006311907405,128.75722260195187,0.19943665201741223
-16.854731461219647,-250.45968079973048,0.22054257729538743
53.03710319623265,2.324703125384779,0.07529258880895867
-43.92595621770228,95.61557992898805,0.15235161955104803
1.6733271715857008,-120.12311941630207,0.1707877501268425
-2.043623372769679,149.33857003869747,0.2606145520499943
-18.5578119997416,233.3230968505758,0.21065899712859962
9.245249874507612,158.3901324510415,0.24929505312075234
15.365629160829343,192.37011795248927,0.18396707218195987
-9.498726705686243,74.95122771803867,0.3426456664790569
-9.51074700402718,-179.61407204489353,0.198308106380408
-3.385463394296972,-2.5222578410097887,0.23821217053443017
-16.04107257338801,-93.51423921518756,0.24553090972885983
-23.920216630968586,-127.66220929145564,0.23989413580698143
-19.238973122961855,141.98144137042598,0.25608913021051405
6.072549626891486,-120.60155210879707,0.2507402598609846
1.222771543439308,-96.11495946521119,0.2123551150852967
-43.54598197337523,73.20342599752688,0.21802044509800553
-8.733585320794537,66.4598048287745,0.27660372067461664
-26.203667373203086,40.934617858030805,0.12176206185838002
14.92685930435023,185.44528180106795,0.1868926475165973
-27.80096844884996,382.7486031465257,0.19292279101321935
-23.16705244786101,-18.73781749777582,0.15186690186098514
13.025384944886618,-125.223827602075,0.0707620540038762
-8.993372320542942,488.1815829834576,0.2950670607016241
10.36655804927286,-101.66495905003859,0.1746414128926897
11.528844442706358,-211.25731986543212,0.22065838718010494
-3.766123116491559,78.99855069486163,0.18856924292137764
-5.964614975741753,81.69670868470384,0.17418714900112076
37.42279223720543,-4.845862131938576,0.20227967585927778
13.995773325049994,-237.2154855352659,0.21394439018602393
-5.4614099024649505,-184.89551073735706,0.1802285774540308
-32.38827509123339,-286.9445470616158,0.17333539827978067
-14.399188875504247,-71.74349777317195,0.16510506011920767
-43.10070998100723,261.6863219419507,0.26380569021847877
23.5388482304841,-153.04783716302373,0.1973299420166837
8.509149463117767,-6.3983984197238595,0.2027089385818422
-13.183358587155244,-1.2937648280464435,0.18946263821700643
-13.065663362322384,-168.09786725068122,0.16246041029657554
-0.9897158668480581,47.49639946353956,0.23982277406741753
-6.93816892711138,190.2614176340181,0.1983682421057488
9.998898335056523,60.150010963484604,0.11563290001530718
7.365846541960824,77.4158735155016,0.24600146821602736
16.595373209268512,338.3637377640278,0.2994046102714223
19.33507873120568,-235.49157299160365,0.2809487796019879
-11.148841190528213,-56.12657059338032,0.24721995390693302
0.40660128178635846,-488.60415971189803,0.24331149085563414
-13.010264143827136,176.1759506839287,0.20967130202963374
-9.064306809753532,-476.55006177754353,0.22672434247594006
-7.24163328487006,204.52843208402157,0.16135019620100563
40.13138484081622,271.36624082109375,0.2569089548555952
-39.24621970544594,-136.05631458817888,0.20179951192053144
11.520691041553658,524.7698379784604,0.20570759820911377
24.96298168961769,26.464400661868016,0.20761008459075941
-13.96924184181496,-43.994232518884104,0.17995820398397255
7.509744895545407,49.81392662177906,0.2629923595094693
-12.623258809278488,-318.0256004698742,0.24066433885270108
16.030166258639266,202.70643894722588,0.2566326763272581
-24.13814648822629,-371.2679881632208,0.16728575242130767
27.37452835389743,0.6590226963391029,0.1689023959999146
49.889492421490786,-32.19196864891736,0.1740083561511571
-1.0104535034437514,102.66739950984302,0.15043278311807842
-28.73788076059075,-74.2135858754541,0.24535752803071784
-1.0938333020535531,225.71082251580643,0.24734092333623736
-17.126237897885005,-266.24778421938106,0.1352774243061749
15.358470065271915,266.18679198581583,0.22858535267036553
22.16232466020311,-20.95307031788233,0.24869939272039424
23.220794537913992,-194.94221977954953,0.2538263008145565
-32.173954156098986,476.52340204624693,0.20924863536900237
6.003290413473331,116.07108841968856,0.15928454002819983
-13.706949301255982,-38.751504921920514,0.19173176280196125
40.75373932597892,-314.87629517864667,0.1554885348801053
20.720288817041464,12.138578902168843,0.2573482958562543
23.518490648378226,229.3151953333076,0.17438754632543924
-53.288138440454134,-508.5434828313856,0.22059611651505615
-24.518641313205126,114.82392123349081,0.20559467203934353
5.820441557910598,-106.28074130526146,0.23593058933498012
-40.55124169895891,170.5365168009063,0.1657270261553686
-21.478665247153337,-5.079789537263416,0.10630965940247619
-21.20183862413652,194.24583209301645,0.19439413346731987
-0.26173482324070274,-305.14494149729165,0.23572446228018912
12.939435483573252,108.26753053952494,0.18340313610608688
24.11194719822327,373.0736151191695,0.24326392027345237
-13.164893764189694,21.325346800341922,0.2001626815649949
34.68188153527018,-283.04244176173916,0.2078201595738276
14.418310985519174,-182.6876395694691,0.24704543770173865
-4.719067985803941,29.26959946898917,0.19995542492218082
6.2594778228025945,135.45089460840208,0.165990915299455
-19.47548061391763,62.513575870920704,0.15831952689913567
-12.285061979624492,392.4692460989961,0.24387849163074216
-9.536849322438076,-98.0391062143451,0.2172912328154023
32.13361381601887,206.07635555671396,0.2148088839585532
30.76813649022473,84.76218738825871,0.19113228247453856
0.04106485759663895,-351.05099800039903,0.1732438264475984
3.00268625270241,-6.686876386089194,0.14340077104684987
2.670020472123702,164.34379081476357,0.23698110078535642
27.94552471686852,-74.23073338438832,0.21584147199490883
-0.9320571829895536,239.28015434903108,0.1878393499913848
-37.933247207893636,251.6166555852198,0.2691582933678506
8.991728328592076,145.71119042004872,0.21694558906639647
1.1958185395594505,196.63177745931785,0.20272741133242728
27.320020521698606,-213.18928632154055,0.22808761025920646
3.356001118795337,190.44959304315068,0.1852899099023712
-21.46638352763333,-126.36053639033729,0.22880646658956602
-25.605432480434086,-34.407778513944116,0.1000641515616569
43.36736477248559,42.83426266174376,0.25053892396562427
1.268258841720114,46.43409768974381,0.2698328316167619
7.638248539935079,63.00059946659745,0.24038345823925364
10.996081470379886,-327.21525058736984,0.22054573036731054
4.704183409040123,-355.0348963885775,0.18161606837652675
-4.98465324269283,-281.76340905100386,0.2436993662127906
-39.11402847659322,-292.5739749627375,0.214897937453393
-5.134324512640168,-236.9336468028107,0.13577181900465926
2.6205415271749293,-265.8705234892906,0.2556219983879148
13.459951196842333,191.16143191772818,0.2026340846069201
21.513799917914007,153.97972967682134,0.16633703208493564
-15.792848543742926,337.69954999903547,0.14282851095181953
-34.57849817374606,-130.31782944321313,0.16654258011678197
-7.165192345468654,-197.99399676735058,0.23666210115863356
7.058303392928327,188.79667368500375,0.1977661285797719
34.84017130187401,175.5933662807867,0.23395382467126205
-13.264451415497442,189.58046962684364,0.24104769172037363
-17.42655640976004,167.61540971232728,0.10403346293709102
22.335288514914886,39.62439773837804,0.3015505689053523
15.124348012022315,120.1547669671297,0.15870901419854003
0.6961228153026371,438.3312175087717,0.13087638618537334
-2.1234354435327574,-6.984297212944317,0.12152036794363381
24.51772638618092,240.2985284550118,0.26153157396662
6.594968228914504,126.48148712392944,0.17508495050934117
31.916045258439958,36.006026669299004,0.29208829280095605
-15.377865428295557,77.12963692765655,0.2377400933351613
22.663167707136193,225.43518925694727,0.1635054619499664
3.1511833791261163,168.92641982540766,0.21988590383526696
43.99298644966423,5.60769420014081,0.17169765814120214
29.97213095521866,-20.78036295619136,0.18968717983177774
48.83525106618778,65.22152201043122,0.2184172281032367
-29.358709127425353,-55.47637074836109,0.1727836966101394
33.151194588536256,-78.9951681755677,0.15272798218029968
24.494926188306387,172.49566230221458,0.11888812825155017
-16.688354566082747,-107.93736344653402,0.2744131381467383
-5.3978821227482765,261.05464614964734,0.1950761997668811
-19.057024037043178,-338.42138701907356,0.23918932133623422
-13.941769986053988,-68.4208180506948,0.290400423216233
17.631510342510616,-36.391205838625076,0.19744743149466926
22.73795904724539,-160.59586114568285,0.23690174041978673
-15.059266043171933,187.27651382903596,0.20681390441702635
13.147593753246143,-395.85507917297764,0.17184941545875815
-8.794396873592815,199.24570154203624,0.1304331762759714
-42.18790410656738,198.27657611164224,0.27924804050264257
9.547502995957727,-44.70866146005644,0.15027792085950148
12.568383592186388,45.92742930538752,0.270461543935685
15.57337244453457,53.46741574069419,0.22196483064016473
-6.1218851610455065,52.56926231013448,0.25126092736809064
31.034134696364198,-352.24812965020357,0.22993577820384267
5.786394678927244,158.62010827451542,0.18424528897169437
-20.75047450303416,-325.97712959253766,0.24566697924123854
4.570791577204094,-109.87907801422345,0.21886582810186
-12.847707082345224,-240.855596741551,0.24606692422580118
-9.91319436091019,-5.850148976053565,0.21055104478951076
0.6923677409099902,101.09297081777895,0.16672670106771648
45.62367390879581,-97.85076514294813,0.2244143952115749
-12.838391515795928,122.53482846241302,0.2266833825194281
-4.861182600691366,25.52747076148792,0.18442433004902054
-57.39927394745986,312.64974005681853,0.21088110509592708
-7.211366047639601,-82.61000583507835,0.216036539426973
18.85476278449968,177.13246508122353,0.1589716668750854
-41.806273411369126,238.4552491169756,0.14028781260737383
-48.75828846052123,-5.175918849955417,0.2456787748207582
-12.782522560520455,-289.48977243202194,0.24101098696806003
-1.6603224917605732,-91.40543439470375,0.2172160770810543
9.048873714747312,-245.11390721781686,0.23430940433847122
-12.4463053396463,-30.00227838366758,0.1999568430932479
3.308666170429892,191.98324019112263,0.16263582230630308
3.5450523474319873,156.86475603848655,0.22590621780354656
25.6985856715638,-167.37653839382344,0.22066622414780432
-11.35604971363952,14.141804865054386,0.23903757493984956
-10.554703227743921,-188.46160570730984,0.22396973959946168
-22.451363237134707,-26.87749040177475,0.21292850600021276
-26.69784200523035,-219.39881549991208,0.18132556801297833
-23.58693683062497,129.20613582556598,0.2633591670271367
-13.310188522451998,62.120528102966986,0.13292059601785644
23.059930178898902,81.16391945135702,0.28160351728946686
-15.482977587895624,-116.02599994227374,0.20390541621298638
-29.32489756165992,272.4648733102655,0.21201886531729214
-30.29941032775852,-52.02765921333628,0.19117254892926444
-29.803504099700568,-423.54863762105214,0.2867699207076913
-38.184050016575036,66.45372481598675,0.1877574679144856
-29.8291820743454,225.20384043634235,0.08655564260645521
-14.765826514763894,44.88426708683561,0.29857927016346025
9.324968705005576,-186.9989643853097,0.12865204795114593
1.9696522661602558,244.5472700470922,0.2679378126737624
-5.4781332509529275,-33.912723180096634,0.18863413786608066
-0.25652224397721035,195.47415506304208,0.19060545152826325
-5.259798116452209,51.17370501688643,0.13237098975301104
1.8636919409533534,-72.06469088366029,0.19462985808759
-19.87702889474656,-237.54880110955924,0.20485485994763897
24.152140714120762,93.35152814104191,0.1872161384909395
-1.716945711304735,98.75148045529528,0.2645262776073255
41.74102997336342,-221.77543131600407,0.22126223027168665
-22.564500577719635,-224.54370016340638,0.17302940032384032
-19.504039114004733,95.33733754707985,0.17121186870081775
45.489596310631015,84.75224736138792,0.1816339964500152
-3.971937486416193,304.2746349709272,0.16713243171766382
-0.0958598812342279,-22.304504257497808,0.1387381452376509
-14.821144076816388,-53.681415207273716,0.180063641229061
16.174045689437854,293.81446307933754,0.12391366078702414
7.354991390785478,232.28365454869305,0.19272299796867917
-24.90157735032643,198.93886409083436,0.17103810962792
10.123224309982014,156.64837906300983,0.15369517852487727
-15.427649329140712,50.194974289324875,0.1788182702023034
-10.465962927181199,-212.2170847523466,0.29408105565728043
-6.092286130719392,-92.80069559914503,0.22482100737203609
1.176251744914861,-232.84092676093002,0.25575696318131236
-4.6611812535813195,-30.419703300736767,0.23482339293671195
-24.96906361216734,42.162254326308656,0.21334667489075673
-3.38836217851801,-141.45228035686955,0.24820858350486963
-2.3406543212676496,-72.62857551642625,0.1706905337151393
19.053769856133997,-52.78724608004962,0.16969453554643132
22.50538326792168,-18.407647746144292,0.16210905711874402
40.87692203008142,291.04551759088673,0.27899282105192624
30.686661769132062,-81.64582014158088,0.1270459595266698
-0.16223160349586804,22.837722950812704,0.20089680580902805
-23.783998380887503,294.35330736151667,0.26933119465870164
12.722342613360592,280.4709672485792,0.21761687308705474
-9.61568364120619,-70.04226814584844,0.31242964856262606
4.893768087622627,173.60349891902985,0.1252871260283722
-31.11737503053474,-56.37563667841968,0.15656993415117004
-22.201366329671238,244.9941154664952,0.2626951076479542
-17.812036499244048,-376.6921364990873,0.21063542181886194
-12.4702777494247,13.67536610366535,0.2182346508601298
-18.263680381694442,191.9487558059536,0.21440535623314974
-7.1284416163971756,360.34702510171473,0.18819873032128964
0.4427827225214342,-411.48685893160126,0.2533045261101387
-7.681684067223796,-0.642655959529395,0.2351949439099585
-6.943429774433922,272.62920390337626,0.22127143609027738
12.4511338489244,-301.20271666277176,0.21204646083536802
25.874408119610706,-18.221580604652328,0.10865173735562947
-21.203148374712455,116.5193589272864,0.23856946234816911
-28.87073896519176,-53.24165626182194,0.2155677845557317
9.270118160245014,135.08651992944357,0.20695652173604737
0.8149764137041388,41.723464978456846,0.22201679875965108
3.3703414021531826,185.86617104645308,0.14521523904429345
15.671203446896339,2.0711630764053766,0.1893563913585721
35.234103630455465,202.39206154377473,0.1766934994472107
22.576583340645122,315.53255430072926,0.23044458838855075
1.5642728225788283,-91.18566918351269,0.1780355838473642
-24.48481819427796,172.14897017087856,0.32435998467226146
9.803170886840238,6.589721192190718,0.19087069484985045
24.601814390392448,-30.879364322721596,0.13732999030059884
14.347914455618367,-82.15312933733425,0.2877751678376832
16.786560518121767,-146.5990196451,0.24120511262521596
48.379969554991156,-294.0308215389419,0.20063060493800366
17.05740044154803,115.89500992988073,0.17688320132499263
12.340138799384338,-280.8349607727047,0.29486944058327064
39.23675021407079,-154.2902019003204,0.10498607480829984
37.36108895979979,199.40458646744128,0.29854820827264156
-35.95815974883277,142.41605990413484,0.20588521514242225
-6.822772614564627,-224.93334416549087,0.1699805446897516
29.971806593363297,342.4159881085227,0.23283036892628695
-21.15925856884339,-11.064242726928827,0.24679152546150518
50.06237821484473,528.2577756967169,0.24537105192083744
-13.368108535308611,42.888276215169604,0.14278744433662596
-40.451404341592045,198.46447578934814,0.13922100806221777
-0.024136062522407846,-414.7351096781497,0.22991504062840834
20.595012574176835,185.10346710699307,0.2202202069661829
53.67403256500385,403.36483769501575,0.1745723798726333
12.896409204125396,87.0193872723252,0.12749137467942462
21.917142758480836,-383.93388124571663,0.14189924743995896
16.730935328471926,-52.97738555718302,0.2703552241761488
-9.115355651990926,101.32129044499337,0.20936505044006307
27.861705676048008,-387.74173350202153,0.2188781734071207
-6.429628579640202,193.52437052436636,0.1770953496640305
17.7043969911039,-195.51330373424994,0.1390091178165091
-21.762801237901304,127.46618919525781,0.2773741484547094
-26.68427111740872,113.70365879307359,0.31658769800256925
-8.633123929446658,-76.2942141020342,0.2807780554421983
7.587163282400061,-1.5339340378475768,0.17961790368390979
16.714810525791947,-14.124579859702212,0.19572839462283853
7.248883028515211,-132.43137477091338,0.32187549028000645
-4.529033526730591,26.87785537094357,0.19706948561556686
-7.364577676432418,339.9279624521494,0.23265336389074026
1.4549163708175579,23.36832908813111,0.24204403649889983
4.773155916563065,91.26615229102192,0.2458277680504963
-22.44546447040452,-320.66877753200475,0.34358319675196514
-1.8566223026711006,17.95307977852165,0.22209063047552496
-19.145086063316292,-12.658925724553233,0.1546502519208866
1.7120496168737098,54.78045947803225,0.23075012651308577
-8.28688351361119,-26.021379920801436,0.2107657666009079
-29.17850137460352,74.54069152074048,0.1771086749369137
-15.619938974174548,288.3229193170966,0.07536239076114469
21.585492980996847,205.19429979195976,0.15349117848613897
9.396195844644064,-136.21724876540722,0.17333356399036093
-22.473858371446664,-106.43341598557254,0.1978402119539939
22.16312435841717,-182.75669087161373,0.2539088048085165
-13.098944311961656,-321.3606678934864,0.11008959490283565
21.48728829903809,-244.78179339976515,0.13737317844029281
-24.814113696551154,-356.5807127425656,0.2078711510066193
-1.7693156244137478,-67.6984189784376,0.18502703033866216
5.6464384007575505,-279.5228768656631,0.23296665140624923
12.60065070719585,48.58551973944117,0.18604930319255486
15.021163533251745,41.2259053123501,0.23510075751336232
-19.91872634072845,-328.72762058134396,0.21302561169155476
2.6494162370083325,176.5936695557522,0.24269308321140168
12.702369885608016,134.57411752649796,0.17060805669080947
-26.499949902459917,-79.17597210003984,0.22109637002388902
33.98718237081043,-50.211623291031,0.19206853802436386
-6.703288599424337,78.41210096362558,0.23721435628945295
-1.8753360670555304,-2.645247259647514,0.1638886895220576
10.312241632898342,-34.89371576671469,0.16366146576849877
-3.957571147706582,215.80318698499838,0.20842996850439405
-17.580406182113425,-224.9800754957207,0.2540057513599871
-22.23465121901401,-233.43780718117003,0.25608968105579266
-11.360533601597858,-108.3844760613063,0.15152479145545528
-18.816023695583617,84.89939747556906,0.2308908506589042
-8.704032711235204,329.1310839898224,0.24300404282767582
16.212442333529655,402.5287876475919,0.22784558276643885
-10.000152083281442,150.39433781690622,0.25750386799429076
-11.510972285966902,365.7475742099989,0.3390354404049877
53.85518832186786,-22.190153330539385,0.08517846359939261
-4.061103413016895,-316.6375104401249,0.2054624514427826
-12.957373022237899,173.1227985537636,0.1987281339156966
36.993770661671874,-248.61981630364073,0.2246126366796501
7.827494323619577,24.2146748128274,0.23095046195026953
-0.8479321786690148,57.219971605251,0.23598828469639416
25.20938302449781,230.95360455905168,0.21963546235930181
17.497726310810222,156.59558762572627,0.22576315617679002
-2.6200605050618164,103.61255892465833,0.1898749598476415
-14.614210050934467,-640.8742509353343,0.24490230905385776
-22.996243201133826,-64.8737007406345,0.13098179827791395
-7.25701707600547,-351.50393074528245,0.30134587882381225
-9.799314218614755,-49.39902479242361,0.13909138363026943
-5.6372588401761625,223.36502360217975,0.2011148551705464
12.806757508221798,65.24978724823646,0.16330668033178083
-2.5023681292421385,-289.5563181507188,0.1924947382638031
-0.9214102218456197,194.10488611323964,0.24368461226192373
-6.1226858995922795,107.37365780386632,0.19735713348650466
37.05637215367166,61.82704475354587,0.2294062202881787
10.383271348579672,29.43229469047498,0.18636093601827725
-7.659582138876832,61.41039096705293,0.19728885232980428
-16.612810222576112,-50.031521343599,0.18896924979603558
5.609094286581077,74.9559840998886,0.19921508140693708
-30.397227816335644,-280.65511309924085,0.1773624017257899
13.755458306956108,-130.09155357701403,0.140150271579982
10.66286689110379,-134.1095246227035,0.13187056014142784
6.234931237699004,196.44451874157653,0.1503876871743917
-7.983660587444504,-124.80384336982979,0.23759471105087235
31.81250480221906,-80.59408270374759,0.0942084371947441
-1.776104647709845,-234.83244164065553,0.25651572215423396
-20.40155856310846,-33.47735800054577,0.21139309266397666
9.165380113126485,113.60185537868024,0.20772901724579837
16.151090001751932,199.55509235172582,0.19854420125775907
15.18944057340823,-216.58935982638062,0.17553125644543752
-15.609514806351664,19.521130549828168,0.2036698815962199
15.460609045345077,-93.48126996294309,0.20079463926038246
16.56083249101879,-417.2707774255872,0.14764615360903405
-3.806143074045541,-62.36239910525565,0.1471251681359955
21.330900337312748,-99.5419217706606,0.16930198194460477
-20.946917227810577,146.3654724808303,0.19663092049805714
-35.11218213866635,117.6664434789944,0.19965190991448764
-7.72638347177454,72.17033836009193,0.2752733115665049
5.856822568828772,-195.4467534180268,0.16621540580159763
-30.598073878538663,305.35098899420296,0.22858688185329418
-1.8646869642605182,312.8166844311865,0.20653595076124315
9.233705219093789,-63.92296241764086,0.17582689717210534
7.161224957732642,338.02671803931105,0.19005361841835397
-2.730684946922835,23.1912252343608,0.22810466888486083
-28.228693107244645,7.181041332898867,0.11503479582507257
9.928873498239485,-170.30434507402646,0.12179909147056914
32.879326177639314,-117.87831245426423,0.2773394864229787
2.5862024211440815,-474.0767184225783,0.21746218938931056
3.3519264804937983,-168.21055654651576,0.202669873820044
3.5975674535997455,120.39603266360919,0.20202137359745642
-4.268290321816065,-287.81216712171454,0.20025049249820953
-3.205764223109768,5.0801843321079305,0.1950889741379111
12.616016660406222,-270.647193987937,0.2313692220793794
30.584439302102233,-45.803707397985185,0.24506752611440394
-20.35022808310336,-17.249279714446672,0.2505263160773995
21.733532602821107,38.09864922704163,0.2511094223362271
9.761870347933973,109.18627719509762,0.2503477176353231
-44.78695083516251,-53.34238972407949,0.16425533972262638
12.460702992068589,-191.7266328858935,0.22750785829221415
-2.128255801523538,211.47805120844342,0.19853652409881742
10.149918194848375,21.546664517807162,0.2687324119651249
-18.477062499650444,-9.83514245938314,0.21059628243130812
1.472636410595693,-149.53500969308718,0.2392305794499895
20.410962624598227,122.17985616980454,0.18480719952827038
-9.45208639821687,16.77531224824465,0.1900460586502337
-15.043767270517275,306.1021181022028,0.12618224841441694
17.751810566855617,25.256028253871843,0.20200993017924346
-6.91854644401937,64.23039531014413,0.21512914652606863
32.373966457210074,80.7031268927131,0.2675464300735718
8.26451114416583,234.90876041965487,0.14554381897857296
10.30711950644397,-492.14760282143607,0.24426142817626473
-0.8652147166090691,-392.79247971118764,0.19061820077035188
16.01329342402816,-240.94144245343995,0.1661815483205048
35.30785218971531,69.44203895441102,0.25438051871265344
-29.571963193245914,255.66182647893666,0.18101899571968852
23.351886882154215,193.62895272100948,0.2107702326282599
2.7871789425521794,0.743388878802895,0.21585206810049862
23.24878319647889,83.19753811752825,0.18687906752799016
-40.05285882337113,509.61244287181444,0.15500555158469656
-19.79718127698196,254.58545202676558,0.22553038927455782
-19.974391811619338,101.34024928694174,0.1541259246755869
-7.582017372088739,-240.31599100395468,0.17786182319651717
7.077490757509022,296.16917141785893,0.1721320881555608
11.648707747368022,2.5291110832698283,0.19914897847668822
2.852502775657422,307.75599755092173,0.22719086469886673
-12.621903154743194,149.12800802221093,0.2501950505139617
-11.916904406761526,365.9160616968973,0.1920768850361725
5.942864004010435,-418.9919723796158,0.220331508423344
1.3369085734085897,119.12678735313884,0.19435399136747872
-1.528726695484969,337.5943517882743,0.19310286097705892
-6.648414509703285,13.174581586534206,0.17368474581962767
-17.0629281219756,315.70003782632944,0.17418781007227468
27.62861817177273,-102.02363932288921,0.2129764268309081
23.879006902922193,-99.95365669830447,0.2750250371695976
20.45381180683778,209.71014138347618,0.22154517249628042
-32.54218839561371,-64.17782347889246,0.2209701717939147
-31.420978922135802,425.9223409829187,0.21542960898111166
28.844324676113608,239.76387388889512,0.18926028373242168
-1.8036736733850154,-125.53165544389971,0.13998363571251837
-35.03827001769134,55.279752378581215,0.22842518636807133
-17.760387228767904,-209.5070221118638,0.25420864789828423
41.257375760907735,254.9143531477652,0.13730431104205587
-23.435279053996947,-22.474834543872802,0.27660108815919476
-10.029169168727599,-70.84493490537116,0.16930917470668552
32.47408652028871,-154.2478025552195,0.2469443571537421
8.236037685330807,-10.356920047617894,0.14293394193040573
16.626645958727917,131.33450552913445,0.22110181834810314
14.95692949765907,241.55849107802143,0.17291343252675523
9.626596813928044,103.76814424231749,0.23172369523098113
-12.745083056715295,-60.48881235282803,0.1516927463069518
0.12582872536052087,121.95321900527438,0.16707277365311748
20.205905846737068,-203.25340871014313,0.29084397088202535
